city,zone_id,x,y,name,latitude,longitude,ndvi,albedo,isf,pop_density,income_level,elderly_ratio,wind_speed,wind_direction,solar_radiation,air_temperature,distance_to_river,is_water,lst_physics,lst_day_actual,lst_night_actual,residual_pred,lst_day_pred,hvi,hvi_class,cluster,cluster_label,suhii_day,suhii_night,ventilation_suitability
goa,zone_0,0,0,Water Body / Sea Area,15.4409,73.7678,0.02,0.05,0.0,0.0,2,0.12614980033434497,5.8500000000000005,240.0,820.0,30.0,0.0,True,30.5,30.5,29.0,0.0,30.5,0.0,Water Body,-1.0,Open Water Body,-24.873936475077564,13.339432302729445,1.0
goa,zone_1,1,0,Water Body / Sea Area,15.4409,73.77637142857142,0.02,0.05,0.0,0.0,2,0.12695291596301259,5.8500000000000005,240.0,820.0,30.0,0.0,True,30.5,30.5,29.0,0.0,30.5,0.0,Water Body,-1.0,Open Water Body,-24.873936475077564,13.339432302729445,1.0
goa,zone_2,2,0,Water Body / Sea Area,15.4409,73.78494285714285,0.02,0.05,0.0,0.0,2,0.12778493278267497,5.8500000000000005,240.0,820.0,30.0,0.0,True,30.5,30.5,29.0,0.0,30.5,0.0,Water Body,-1.0,Open Water Body,-24.873936475077564,13.339432302729445,1.0
goa,zone_3,3,0,Water Body / Sea Area,15.4409,73.79351428571428,0.02,0.05,0.0,0.0,2,0.12827571824642542,5.8500000000000005,240.0,820.0,30.0,0.0,True,30.5,30.5,29.0,0.0,30.5,0.0,Water Body,-1.0,Open Water Body,-24.873936475077564,13.339432302729445,1.0
goa,zone_4,4,0,"Zone (4,0)",15.4409,73.80208571428571,0.14734976439643394,0.11661434985638505,0.7674539607035382,14240.579987227513,2,0.12832431466519806,3.66474553929863,240.0,811.8065777840883,33.92776801133552,1.0,False,67.16722980360109,70.57346301376866,20.015694147400314,3.4306368827819824,70.59786668638307,0.6658400507223106,High Risk,3.0,High Heat & High HVI (Critical Priority Zone),15.199526538691096,4.3551264501297595,0.5396041494787334
goa,zone_5,5,0,"Zone (5,0)",15.4409,73.81065714285714,0.14720235283432903,0.14467995984211948,0.7804079939310261,15431.43441217595,2,0.12820921080433864,3.8695588120085675,240.0,775.9838270661012,33.93938953667873,2.0,False,63.43218714616737,67.91981307428253,20.581448590933693,4.179198741912842,67.6113858880802,0.6657986805342905,High Risk,2.0,High Heat / Medium Risk (Heat-Dominant),12.545876599204966,4.9208808936631385,0.5110319230511489
goa,zone_6,6,0,"Zone (6,0)",15.4409,73.81922857142857,0.17469383727778381,0.16982923963962726,0.8314650118723506,10339.38527617542,2,0.12817133814380657,3.5235438614580668,240.0,801.0735153064248,34.23720490366297,3.0,False,65.68428709759654,69.72843304534955,20.7139786626371,4.284923076629639,69.96921017422618,0.6421026170587328,High Risk,3.0,High Heat & High HVI (Critical Priority Zone),14.354496570271984,5.053410965366545,0.4304972275219971
goa,zone_7,7,0,"Zone (7,0)",15.4409,73.8278,0.1746947479828095,0.16393739072661617,0.7889181323212694,10307.746603693524,2,0.12821938970026794,3.463841887272789,240.0,778.17671489467,34.10084635062701,4.0,False,65.26878626467433,69.83970453234402,20.803090440610294,4.289819240570068,69.5586055052444,0.6458424270906744,High Risk,3.0,High Heat & High HVI (Critical Priority Zone),14.465768057266452,5.14252274333974,0.4311478013263794
goa,zone_8,8,0,"Zone (8,0)",15.4409,73.83637142857143,0.1748937402389245,0.17984709454181327,0.794772861811606,11603.766887755537,2,0.1282555039319663,3.4563478989843235,240.0,804.3859626473135,34.45082766599879,5.0,False,66.07783666050787,70.7720255938192,20.98944115790401,4.479471683502197,70.55730834401007,0.6733719870589423,High Risk,3.0,High Heat & High HVI (Critical Priority Zone),15.39808911874163,5.3288734606334565,0.41086043555069596
goa,zone_9,9,0,"Zone (9,0)",15.4409,73.84494285714285,0.20080692664432667,0.18832992097491866,0.854197866473155,10186.447738250696,2,0.1282004262145503,2.9124148797271383,240.0,778.9483441828444,34.400572324185326,6.0,False,68.47432437003351,72.65393156064185,21.910965299927437,5.44744348526001,73.92176785529352,0.708287215436424,Extreme Risk,3.0,High Heat & High HVI (Critical Priority Zone),17.279995085564288,6.250397602656882,0.3262683041276022
goa,zone_10,10,0,"Zone (10,0)",15.4409,73.85351428571428,0.20842456440868595,0.19302322480447046,0.7640984412684867,10952.589704944225,2,0.12802855088528717,3.1910561476437067,240.0,790.3944706911554,34.427638918944055,7.0,False,66.55767239924884,70.79244374516587,21.08732920628143,4.362892150878906,70.92056455012775,0.6700058299805804,High Risk,3.0,High Heat & High HVI (Critical Priority Zone),15.418507270088305,5.426761509010877,0.38903280043857746
goa,zone_11,11,0,"Zone (11,0)",15.4409,73.86208571428571,0.2153853925919656,0.20358942862952198,0.8396447178044202,10631.192591606157,2,0.12775508659042456,3.46348987219132,240.0,785.7001805864313,34.559030665196836,8.0,False,64.15326117707217,69.2944830018302,21.80346769195249,5.128034591674805,69.28129576874697,0.672460096382357,High Risk,3.0,High Heat & High HVI (Critical Priority Zone),13.920546526752638,6.142899994681937,0.35417955077742513
goa,zone_12,12,0,"Zone (12,0)",15.4409,73.87065714285714,0.2531767890087904,0.19184311151891398,0.7386451144430605,12263.43256607282,2,0.12741391796435797,3.4596849794572995,240.0,775.7876162984492,34.30661692737978,9.0,False,63.714394352539514,67.94443768841222,20.821133198884976,3.9548866748809814,67.6692810274205,0.6422115026620804,High Risk,2.0,High Heat / Medium Risk (Heat-Dominant),12.570501213334659,5.160565501614421,0.4085384415436899
goa,zone_13,13,0,"Zone (13,0)",15.4409,73.87922857142857,0.2655817127863327,0.18825233224814403,0.730461863685257,9317.834661078297,2,0.1270411806092244,3.519507410196149,240.0,777.6650979784887,34.35233355655575,10.0,False,63.49156680758672,66.7229010295816,20.934442784921636,3.541609048843384,67.0331758564301,0.6047749417967376,High Risk,2.0,High Heat / Medium Risk (Heat-Dominant),11.348964554504043,5.273875087651081,0.41277370886003545
goa,zone_14,14,0,"Zone (14,0)",15.4409,73.8878,0.27467814269574725,0.1993821014039313,0.7458449766200959,6364.502414857394,2,0.12666672730580317,3.3967016951312754,240.0,783.2483207896449,34.54729130270064,11.0,False,64.18476017770817,68.15620416828683,21.336634478078803,4.058596134185791,68.24335631189396,0.6041104541321831,High Risk,2.0,High Heat / Medium Risk (Heat-Dominant),12.78226769320927,5.676066780808249,0.39172536594470236
goa,zone_15,0,1,Water Body / Sea Area,15.448042857142857,73.7678,0.02,0.05,0.0,0.0,2,0.12555933741451705,5.8500000000000005,240.0,820.0,30.0,0.0,True,30.5,30.5,29.0,0.0,30.5,0.0,Water Body,-1.0,Open Water Body,-24.873936475077564,13.339432302729445,1.0
goa,zone_16,1,1,Water Body / Sea Area,15.448042857142857,73.77637142857142,0.02,0.05,0.0,0.0,2,0.1267391955917784,5.8500000000000005,240.0,820.0,30.0,0.0,True,30.5,30.5,29.0,0.0,30.5,0.0,Water Body,-1.0,Open Water Body,-24.873936475077564,13.339432302729445,1.0
goa,zone_17,2,1,Water Body / Sea Area,15.448042857142857,73.78494285714285,0.02,0.05,0.0,0.0,2,0.12818999834135014,5.8500000000000005,240.0,820.0,30.0,0.0,True,30.5,30.5,29.0,0.0,30.5,0.0,Water Body,-1.0,Open Water Body,-24.873936475077564,13.339432302729445,1.0
goa,zone_18,3,1,Water Body / Sea Area,15.448042857142857,73.79351428571428,0.02,0.05,0.0,0.0,2,0.12896830427892236,5.8500000000000005,240.0,820.0,30.0,0.0,True,30.5,30.5,29.0,0.0,30.5,0.0,Water Body,-1.0,Open Water Body,-24.873936475077564,13.339432302729445,1.0
goa,zone_19,4,1,Marmagao Vasco Port Sec 3,15.448042857142857,73.80208571428571,0.1947039628722527,0.10088536065471444,0.6797324027038717,14876.72167082712,2,0.12876668460411858,4.039049674508192,240.0,808.0334368314503,33.71199706313479,1.0,False,64.6302858312645,67.00837982413304,18.83993757479663,2.2011945247650146,66.83148035602952,0.5992471866996534,High Risk,2.0,High Heat / Medium Risk (Heat-Dominant),11.63444334905548,3.1793698775260744,0.6171906932925041
goa,zone_20,5,1,"Zone (5,1)",15.448042857142857,73.81065714285714,0.17964142690886298,0.13680799666677637,0.87717501166503,13547.831183926939,2,0.12840474368783475,3.4575671225323634,240.0,777.4108122246319,34.2242909467562,2.0,False,66.42074817131366,71.26391134029285,21.63290144548554,4.973405361175537,71.3941535324892,0.7165018076747027,Extreme Risk,3.0,High Heat & High HVI (Critical Priority Zone),15.889974865215287,5.972333748214986,0.4255055997789996
goa,zone_21,6,1,"Zone (6,1)",15.448042857142857,73.81922857142857,0.15736364923927346,0.15276774870572932,0.759543994383216,12648.03163980756,2,0.1283631539604864,3.427770737484638,240.0,785.6489893255745,34.11700032406988,3.0,False,66.40700939197274,70.63948590806659,21.440649297797005,3.9631001949310303,70.37010958690377,0.695660558376007,Extreme Risk,3.0,High Heat & High HVI (Critical Priority Zone),15.265549432989026,5.780081600526451,0.46726496308391596
goa,zone_22,7,1,"Zone (7,1)",15.448042857142857,73.8278,0.15475989652858027,0.17731847174048518,0.8321398437034667,10469.004808686528,2,0.12851505636813051,3.1787849748206023,240.0,804.5607715827641,34.47069996529265,4.0,False,68.37113885408385,72.2595892798761,21.39339067154729,4.603543281555176,72.97468213563903,0.69170783365016,Extreme Risk,3.0,High Heat & High HVI (Critical Priority Zone),16.885652804798532,5.732822974276736,0.3862109803335819
goa,zone_23,8,1,"Zone (8,1)",15.448042857142857,73.83637142857143,0.19793577825827371,0.1801553682263737,0.7341413282588782,11892.101019917158,2,0.12862227214377409,3.390569260982983,240.0,809.0469595624172,34.443068431222294,5.0,False,66.50908089014037,69.86165893928458,20.9859342260385,3.9122211933135986,70.42130208345397,0.667283615544656,High Risk,3.0,High Heat & High HVI (Critical Priority Zone),14.487722464207017,5.325366528767944,0.44285411314891
goa,zone_24,9,1,"Zone (9,1)",15.448042857142857,73.84494285714285,0.1933286376739254,0.16610381306788358,0.7628883226545834,10910.470551413391,2,0.1285596865878015,3.1676027731695995,240.0,793.4294846275399,34.34413297659927,6.0,False,68.02773925066909,72.2725021969915,22.000714323629634,4.312821388244629,72.34056063891371,0.7146117876745628,Extreme Risk,3.0,High Heat & High HVI (Critical Priority Zone),16.898565721913933,6.340146626359079,0.39806655664824253
goa,zone_25,10,1,"Zone (10,1)",15.448042857142857,73.85351428571428,0.20281778985704402,0.1836187551462224,0.809662720810673,9681.20378067004,2,0.12831518518648383,3.348822695474501,240.0,778.3363947059712,34.45940188723634,7.0,False,65.41605602344114,70.87359149613887,21.02590893530088,4.949942588806152,70.3659986122473,0.6580752072850792,High Risk,3.0,High Heat & High HVI (Critical Priority Zone),15.499655021061308,5.365341238030325,0.37221200256865195
goa,zone_26,11,1,"Zone (11,1)",15.448042857142857,73.86208571428571,0.22352518292505175,0.202177668736787,0.7805417486006345,8417.418855506585,2,0.12793538944163135,3.1997797972616677,240.0,782.8743444567089,34.437739065496594,8.0,False,65.70179453244887,70.061101423751,20.755657124253727,4.361937999725342,70.06373253217421,0.628622605320924,High Risk,3.0,High Heat & High HVI (Critical Priority Zone),14.687164948673434,5.095089426983172,0.3720606606377197
goa,zone_27,12,1,"Zone (12,1)",15.448042857142857,73.87065714285714,0.23914268308193545,0.1849339308240614,0.7344273659755957,7759.708805683685,2,0.12748207963820757,3.538109946585461,240.0,798.2222579409478,34.60249390211409,9.0,False,64.73319026373375,68.92090991595965,21.17285502860188,3.913586139678955,68.6467764034127,0.6221316682364824,High Risk,3.0,High Heat & High HVI (Critical Priority Zone),13.546973440882091,5.512287331331326,0.4162974217660462
goa,zone_28,13,1,"Zone (13,1)",15.448042857142857,73.87922857142857,0.2310775204920822,0.19763376120708007,0.7097274947338881,12972.887659661614,2,0.1270092009961409,3.5619912147565786,240.0,801.4790482955614,34.19295858039658,10.0,False,63.85800365525332,67.24266819992755,20.817480910669357,3.5055437088012695,67.3635473640546,0.6401328681980057,High Risk,2.0,High Heat / Medium Risk (Heat-Dominant),11.868731724849987,5.156913213398802,0.42804658386821887
goa,zone_29,14,1,"Zone (14,1)",15.448042857142857,73.8878,0.2791278844826199,0.16740430246012694,0.7004305071520052,7321.140886182862,2,0.12655488774556303,3.174701784127872,240.0,799.08180437929,34.29160350673584,11.0,False,67.41946963135757,70.45239455526074,20.851160035664037,3.526949882507324,70.9464195138649,0.6219443472537003,High Risk,3.0,High Heat & High HVI (Critical Priority Zone),15.078458080183175,5.190592338393483,0.40417405355866326
goa,zone_30,0,2,Water Body / Sea Area,15.455185714285713,73.7678,0.02,0.05,0.0,0.0,2,0.12423706957187738,5.8500000000000005,240.0,820.0,30.0,0.0,True,30.5,30.5,29.0,0.0,30.5,0.0,Water Body,-1.0,Open Water Body,-24.873936475077564,13.339432302729445,1.0
goa,zone_31,1,2,Water Body / Sea Area,15.455185714285713,73.77637142857142,0.02,0.05,0.0,0.0,2,0.1255757097791798,5.8500000000000005,240.0,820.0,30.0,0.0,True,30.5,30.5,29.0,0.0,30.5,0.0,Water Body,-1.0,Open Water Body,-24.873936475077564,13.339432302729445,1.0
goa,zone_32,2,2,Water Body / Sea Area,15.455185714285713,73.78494285714285,0.02,0.05,0.0,0.0,2,0.12794329508334032,5.8500000000000005,240.0,820.0,30.0,0.0,True,30.5,30.5,29.0,0.0,30.5,0.0,Water Body,-1.0,Open Water Body,-24.873936475077564,13.339432302729445,1.0
goa,zone_33,3,2,Water Body / Sea Area,15.455185714285713,73.79351428571428,0.02,0.05,0.0,0.0,2,0.1293494897959184,5.8500000000000005,240.0,820.0,30.0,0.0,True,30.5,30.5,29.0,0.0,30.5,0.0,Water Body,-1.0,Open Water Body,-24.873936475077564,13.339432302729445,1.0
goa,zone_34,4,2,Marmagao Vasco Port Sec 1,15.455185714285713,73.80208571428571,0.15474657067150144,0.10069006374082799,0.7309826233463267,16845.185537168265,2,0.12881280068205347,3.600369524162544,240.0,802.0153818514583,33.82720999071778,1.0,False,67.66429265879707,70.52937743719966,20.634199112828778,3.4301273822784424,71.09442004107551,0.7095161413521452,Extreme Risk,3.0,High Heat & High HVI (Critical Priority Zone),15.155440962122093,4.9736314155582235,0.5571952175506546
goa,zone_35,5,2,"Zone (5,2)",15.455185714285713,73.81065714285714,0.1416190158982794,0.14622210284875076,0.7884013829808164,15795.832690847135,2,0.12834535774703948,3.386897692954372,240.0,774.1009858245967,34.05288343197701,2.0,False,66.52873630369793,70.42328635281535,21.347229354398262,4.256683826446533,70.78542013014446,0.7193596007532302,Extreme Risk,3.0,High Heat & High HVI (Critical Priority Zone),15.04934987773779,5.686661657127708,0.47405848168432835
goa,zone_36,6,2,"Zone (6,2)",15.455185714285713,73.81922857142857,0.16720590682663558,0.170011702398313,0.7756441465739148,10848.305699470113,2,0.1285672881483526,3.56159955776058,240.0,803.4557986961753,34.10955081842959,3.0,False,65.45118879658983,69.80275254098672,20.916040711899885,4.050131320953369,69.5013201175432,0.6547969271084637,High Risk,3.0,High Heat & High HVI (Critical Priority Zone),14.428816065909153,5.255473014629331,0.46652679312122614
goa,zone_37,7,2,"Zone (7,2)",15.455185714285713,73.8278,0.1743113771826323,0.19506442804006704,0.8301196852027963,11466.996360617757,2,0.1289822495023225,3.65366006200641,240.0,765.3763360364419,34.28158051094565,4.0,False,62.59510626091922,67.42710541962767,20.93187455682753,4.789773941040039,67.38488020195926,0.6370058953216983,High Risk,2.0,High Heat / Medium Risk (Heat-Dominant),12.053168944550102,5.271306859556976,0.41908141457970466
goa,zone_38,8,2,"Zone (8,2)",15.455185714285713,73.83637142857143,0.16524682461600826,0.18605952415153335,0.7786959799937052,12681.617129580029,2,0.12918530351437701,3.163718649745584,240.0,785.9670124860809,34.2399716854488,5.0,False,67.02152095687195,72.03653794763139,21.70807305960174,4.64976692199707,71.67128787886902,0.7210782901386303,Extreme Risk,3.0,High Heat & High HVI (Critical Priority Zone),16.662601472553824,6.0475053623311865,0.40099794802552047
goa,zone_39,9,2,"Zone (9,2)",15.455185714285713,73.84494285714285,0.2309490814258795,0.1772356453629787,0.7648694105124131,8557.670525741536,2,0.1290616405596078,3.298149969649604,240.0,802.2797675386776,34.08464632797019,6.0,False,66.39352246883125,71.06119386582708,21.525110964162682,4.335578918457031,70.72910138728828,0.6670141022179216,High Risk,3.0,High Heat & High HVI (Critical Priority Zone),15.687257390749515,5.864543266892127,0.40558105036554504
goa,zone_40,10,2,"Zone (10,2)",15.455185714285713,73.85351428571428,0.20103052050839237,0.19625758542779492,0.7744460286706754,7897.475589648073,2,0.12866704474433463,3.3928863034727517,240.0,799.0805017938114,34.40511104912082,7.0,False,65.38256731508015,69.30666696476196,21.32647155080403,4.171058177947998,69.55362549302815,0.6353183549964716,High Risk,3.0,High Heat & High HVI (Critical Priority Zone),13.932730489684396,5.665903853533475,0.3962795917192006
goa,zone_41,11,2,"Zone (11,2)",15.455185714285713,73.86208571428571,0.27404169833121883,0.19179807831529314,0.7150436551456569,9604.614987381081,2,0.1281111756130884,3.527522310544082,240.0,774.9920404725121,34.19356302010027,8.0,False,62.98102637278027,66.14337312498625,20.632199244703177,3.2716541290283203,66.25268050180858,0.5948828281316353,High Risk,2.0,High Heat / Medium Risk (Heat-Dominant),10.769436649908691,4.971631547432622,0.43320901759620056
goa,zone_42,12,2,"Zone (12,2)",15.455185714285713,73.87065714285714,0.24100501976879046,0.20383728321140265,0.7816799858083319,8133.078465213504,2,0.12749604319895727,3.317163260750273,240.0,794.8736137666358,34.40685744426393,9.0,False,65.1116199103181,69.63936790050535,20.35212111935096,4.360552787780762,69.47217269809886,0.6080400100410318,High Risk,3.0,High Heat & High HVI (Critical Priority Zone),14.265431425427785,4.691553422080407,0.3732160708107252
goa,zone_43,13,2,"Zone (13,2)",15.455185714285713,73.87922857142857,0.2956102408675002,0.16713073875365528,0.6822858927407276,10140.436753024213,2,0.12689435089625206,3.2128807939230892,240.0,790.1818483548916,34.12366439337138,10.0,False,66.47524172464492,70.36388478306576,20.79137768312457,3.62092924118042,70.09617096582534,0.6459551201951425,High Risk,3.0,High Heat & High HVI (Critical Priority Zone),14.989948307988193,5.130809985854015,0.42123751700854917
goa,zone_44,14,2,"Zone (14,2)",15.455185714285713,73.8878,0.313848897694572,0.20390343222074822,0.6869271230398982,8737.701371148203,2,0.12634837667957985,3.12467452862553,240.0,809.3501890527399,34.25915515104187,11.0,False,66.3391450784548,70.15988785228542,20.301890859282928,3.5694940090179443,69.90863908747275,0.6144900789935563,High Risk,3.0,High Heat & High HVI (Critical Priority Zone),14.785951377207859,4.641323162012373,0.4089409336591046
goa,zone_45,0,3,Water Body / Sea Area,15.462328571428571,73.7678,0.02,0.05,0.0,0.0,3,0.12186279862115487,5.8500000000000005,240.0,820.0,30.0,0.0,True,30.5,30.5,29.0,0.0,30.5,0.0,Water Body,-1.0,Open Water Body,-24.873936475077564,13.339432302729445,1.0
goa,zone_46,1,3,Water Body / Sea Area,15.462328571428571,73.77637142857142,0.02,0.05,0.0,0.0,3,0.12209423884013736,5.8500000000000005,240.0,820.0,30.0,0.0,True,30.5,30.5,29.0,0.0,30.5,0.0,Water Body,-1.0,Open Water Body,-24.873936475077564,13.339432302729445,1.0
goa,zone_47,2,3,Water Body / Sea Area,15.462328571428571,73.78494285714285,0.02,0.05,0.0,0.0,2,0.12422532362459546,5.8500000000000005,240.0,820.0,30.0,0.0,True,30.5,30.5,29.0,0.0,30.5,0.0,Water Body,-1.0,Open Water Body,-24.873936475077564,13.339432302729445,1.0
goa,zone_48,3,3,Water Body / Sea Area,15.462328571428571,73.79351428571428,0.02,0.05,0.0,0.0,2,0.12677320275548057,5.8500000000000005,240.0,820.0,30.0,0.0,True,30.5,30.5,29.0,0.0,30.5,0.0,Water Body,-1.0,Open Water Body,-24.873936475077564,13.339432302729445,1.0
goa,zone_49,4,3,Marmagao Vasco Port Sec 2,15.462328571428571,73.80208571428571,0.16431129083210105,0.12924115617324564,0.7600189746623478,12377.93305334521,2,0.12733953824805883,3.8506476775669327,240.0,781.927869947348,33.79712289568963,1.0,False,64.05213970720634,66.9438444553415,19.801986771704247,3.486910343170166,67.5390500503765,0.6013021954701344,High Risk,2.0,High Heat / Medium Risk (Heat-Dominant),11.569907980263942,4.141419074433692,0.5564586169880013
goa,zone_50,5,3,"Zone (5,3)",15.462328571428571,73.81065714285714,0.17862488382263436,0.16786569868652657,0.7591679428289984,10655.96062834763,2,0.12799353396663207,3.681415052034808,240.0,790.9798060318911,34.0753601697638,2.0,False,64.16470729158344,67.87735318065606,20.494164832933112,3.8036861419677734,67.96839343355121,0.6182801431868055,High Risk,2.0,High Heat / Medium Risk (Heat-Dominant),12.503416705578495,4.833597135662558,0.5112330363807815
goa,zone_51,6,3,"Zone (6,3)",15.462328571428571,73.81922857142857,0.17079161063376155,0.19039397572324832,0.7405383309022366,10394.50097051668,2,0.1290922083793831,3.7679352974909546,240.0,780.9519862965859,33.99081043086563,3.0,False,62.41263504260424,66.20509165005183,20.586294165472882,3.6509897708892822,66.06362481349353,0.6039843982412745,High Risk,2.0,High Heat / Medium Risk (Heat-Dominant),10.831155174974263,4.925726468202328,0.5013459985062579
goa,zone_52,7,3,"Zone (7,3)",15.462328571428571,73.8278,0.17969033769252224,0.18591576597460238,0.7954439027759052,11770.393365971911,2,0.12991294975957554,3.379757757202987,240.0,791.3215689010126,34.33349568423221,4.0,False,65.68371920463431,70.04979020247488,21.589746036740564,4.482487201690674,70.16620640632499,0.6900717940679846,Extreme Risk,3.0,High Heat & High HVI (Critical Priority Zone),14.675853727397318,5.92917833947001,0.4216267303822779
goa,zone_53,8,3,"Zone (8,3)",15.462328571428571,73.83637142857143,0.20239479998735332,0.18549420073573167,0.8278203825216824,10542.51860690512,3,0.1301168862582169,3.316168861259613,240.0,782.3480379562372,34.39066116902506,5.0,False,65.66026149051868,70.8620206542195,21.112993617020294,5.010990619659424,70.6712521101781,0.5233130648638392,High Risk,3.0,High Heat & High HVI (Critical Priority Zone),15.488084179141943,5.452425919749739,0.3816866539430027
goa,zone_54,9,3,"Zone (9,3)",15.462328571428571,73.84494285714285,0.23301427645515593,0.1905765115938982,0.7259688785578005,9391.073075913966,3,0.12976704231422218,3.466332135753807,240.0,798.8368020980979,34.161802163792935,6.0,False,64.61093738024941,67.89575920652497,20.258989100859125,3.5498127937316895,68.1607501739811,0.45437861653620015,Medium Risk,2.0,High Heat / Medium Risk (Heat-Dominant),12.521822731447408,4.598421403588571,0.44013351394525946
goa,zone_55,10,3,"Zone (10,3)",15.462328571428571,73.85351428571428,0.24675914041921398,0.1780446254511738,0.7421712286477566,8736.927479298356,3,0.12907200972104818,3.312327054875895,240.0,814.9247350119249,34.48148735069611,7.0,False,67.0326640105868,71.20213143131983,21.060458247986592,4.164553642272949,71.19721765285975,0.5059443645691105,Medium Risk,3.0,High Heat & High HVI (Critical Priority Zone),15.828194956242264,5.399890550716037,0.41027385515982806
goa,zone_56,11,3,"Zone (11,3)",15.462328571428571,73.86208571428571,0.27595651407108235,0.20889965708135985,0.7509140477418128,8100.043222710274,3,0.12823394131641552,3.490791691340677,240.0,767.9897115418423,34.43295761951683,8.0,False,62.52194820177986,67.18527367481343,21.216528496748833,4.256690979003906,66.77863918078376,0.4602845105394328,Medium Risk,2.0,High Heat / Medium Risk (Heat-Dominant),11.811337199735867,5.555960799478278,0.4092380740916133
goa,zone_57,12,3,"Zone (12,3)",15.462328571428571,73.87065714285714,0.3017072788820434,0.18553529918256545,0.6732118256290984,10064.17785895125,2,0.1273963051935541,3.6037208191245003,240.0,792.9777224241765,34.41333968404668,9.0,False,63.41062991601417,67.45227498562296,20.38708628070918,3.17536997795105,66.58599989396522,0.6034995040218293,High Risk,2.0,High Heat / Medium Risk (Heat-Dominant),12.0783385105454,4.726518583438626,0.4574008041432138
goa,zone_58,13,3,"Zone (13,3)",15.462328571428571,73.87922857142857,0.3023479479896011,0.20465014813079246,0.6355916898887791,9777.636745631347,2,0.12664052147287427,3.5279009420581016,240.0,801.3796335414238,34.447504337942995,10.0,False,63.47760831591614,66.5250703385733,20.320227400252364,3.003544569015503,66.48115288493165,0.5870342058659275,High Risk,2.0,High Heat / Medium Risk (Heat-Dominant),11.151133863495737,4.659659702981809,0.4702553819287191
goa,zone_59,14,3,"Zone (14,3)",15.462328571428571,73.8878,0.3171610129901175,0.21910135515364143,0.6151579315217578,9233.315548818546,2,0.1260007816810741,3.6985666135093367,240.0,793.3172561889862,34.21361247191796,11.0,False,61.248021819096316,64.28496558434396,19.837134039702573,2.557751417160034,63.80577323625635,0.5419180278612757,High Risk,1.0,Moderate Heat / Moderate Risk,8.911029109266401,4.176566342432018,0.490261920895576
goa,zone_60,0,4,Water Body / Sea Area,15.469471428571428,73.7678,0.02,0.05,0.0,0.0,3,0.11912486441725663,5.8500000000000005,240.0,820.0,30.0,0.0,True,30.5,30.5,29.0,0.0,30.5,0.0,Water Body,-1.0,Open Water Body,-24.873936475077564,13.339432302729445,1.0
goa,zone_61,1,4,Water Body / Sea Area,15.469471428571428,73.77637142857142,0.02,0.05,0.0,0.0,3,0.11685651337115074,5.8500000000000005,240.0,820.0,30.0,0.0,True,30.5,30.5,29.0,0.0,30.5,0.0,Water Body,-1.0,Open Water Body,-24.873936475077564,13.339432302729445,1.0
goa,zone_62,2,4,Water Body / Sea Area,15.469471428571428,73.78494285714285,0.02,0.05,0.0,0.0,3,0.11614497932870858,5.8500000000000005,240.0,820.0,30.0,0.0,True,30.5,30.5,29.0,0.0,30.5,0.0,Water Body,-1.0,Open Water Body,-24.873936475077564,13.339432302729445,1.0
goa,zone_63,3,4,Water Body / Sea Area,15.469471428571428,73.79351428571428,0.02,0.05,0.0,0.0,3,0.11996245960843946,5.8500000000000005,240.0,820.0,30.0,0.0,True,30.5,30.5,29.0,0.0,30.5,0.0,Water Body,-1.0,Open Water Body,-24.873936475077564,13.339432302729445,1.0
goa,zone_64,4,4,"Zone (4,4)",15.469471428571428,73.80208571428571,0.19225366872104574,0.20361442346682188,0.7005393980422617,9248.181578448322,3,0.12477425423273314,3.8898278633762526,240.0,804.6230795239292,33.65657624711524,1.0,False,61.5735886723484,63.76698897068171,19.609719177301255,2.4109370708465576,63.98452574319496,0.3763671355110955,Medium Risk,1.0,Moderate Heat / Moderate Risk,8.393052495604145,3.9491514800307,0.5947583753473408
goa,zone_65,5,4,"Zone (5,4)",15.469471428571428,73.81065714285714,0.1849308868550297,0.18857641987697907,0.8470542838258603,11277.622837242363,3,0.1283937422552664,3.72326276638811,240.0,784.5721184983722,34.28138463770318,2.0,False,63.05163691737812,67.64607370948053,21.254418611396716,4.580368518829346,67.63200543620746,0.495890421210211,Medium Risk,2.0,High Heat / Medium Risk (Heat-Dominant),12.272137234402969,5.593850914126161,0.46129107940621783
goa,zone_66,6,4,"Zone (6,4)",15.469471428571428,73.81922857142857,0.1821281520020833,0.20806120676374695,0.7903314042303511,10223.052970476952,3,0.13080838323353297,3.293227423076876,240.0,795.725166043272,34.37010712523039,3.0,False,65.5681600618914,69.61855778644644,21.67623237825175,4.366399765014648,69.93455982690605,0.5263519615587612,High Risk,3.0,High Heat & High HVI (Critical Priority Zone),14.244621311368881,6.015664680981196,0.4398229628817841
goa,zone_67,7,4,"Zone (7,4)",15.469471428571428,73.8278,0.20116908958907334,0.18586644921811407,0.771275839688628,11676.152755520256,3,0.13180620294012188,3.604573159678468,240.0,787.8004100630708,34.372906972672396,4.0,False,63.9549427617615,67.6718319088051,20.496566060260196,3.9906086921691895,67.94555145393069,0.48568221783679427,Medium Risk,2.0,High Heat / Medium Risk (Heat-Dominant),12.29789543372754,4.835998362989642,0.4511152617330095
goa,zone_68,8,4,"Zone (8,4)",15.469471428571428,73.83637142857143,0.2614782810875633,0.1999860519852596,0.7769570261223253,9369.01813991819,3,0.13160908712433933,3.1166521001591136,240.0,805.5155026400525,34.39737663827977,5.0,False,66.97807799017988,70.60137930150269,21.108931036485043,4.000099182128906,70.97817717230879,0.5136365805578287,Medium Risk,3.0,High Heat & High HVI (Critical Priority Zone),15.227442826425126,5.448363339214488,0.39890355037591707
goa,zone_69,9,4,"Zone (9,4)",15.469471428571428,73.84494285714285,0.23513329500531452,0.18922664128741068,0.8136975137507438,12793.39232268455,3,0.13068220188719973,3.3145288726495177,240.0,790.0283127562429,34.373757997070555,6.0,False,65.55111349633732,71.02203855986026,20.993993833042268,4.963143825531006,70.51425732186833,0.5435156256465288,High Risk,3.0,High Heat & High HVI (Critical Priority Zone),15.6481020847827,5.333426135771713,0.3773761152892075
goa,zone_70,10,4,"Zone (10,4)",15.469471428571428,73.85351428571428,0.23716030921656983,0.185578168051827,0.8065981231912445,7998.4503972325065,3,0.12944809153146394,3.653338623151743,240.0,811.5890396475259,34.421538877358664,7.0,False,64.30704881060538,68.47789138565872,20.34926091260673,4.50619649887085,68.81324530947623,0.4496549974217078,Medium Risk,2.0,High Heat / Medium Risk (Heat-Dominant),13.103954910581159,4.688693215336176,0.3943518229854585
goa,zone_71,11,4,"Zone (11,4)",15.469471428571428,73.86208571428571,0.30552836953100265,0.19854434330888598,0.7269978073771415,10066.242831693253,3,0.12819514237855947,3.4759458265572674,240.0,799.6174402376124,34.35968222528595,8.0,False,63.87741622966613,68.13592242530271,20.12748073385989,3.7447638511657715,67.6221800808319,0.4549025603536276,Medium Risk,2.0,High Heat / Medium Risk (Heat-Dominant),12.761985950225146,4.466913036589336,0.42259809399152215
goa,zone_72,12,4,"Zone (12,4)",15.469471428571428,73.87065714285714,0.3274017833726569,0.21025060674622664,0.6791897090832819,6608.765580430552,2,0.12708071856168038,3.5553739700503244,240.0,798.6740455858015,34.38960997493552,9.0,False,62.728818117698005,65.70756243031626,20.57210220932575,3.176518440246582,65.9053365579446,0.5582140278035842,High Risk,2.0,High Heat / Medium Risk (Heat-Dominant),10.333625955238695,4.911534512055194,0.450590950799092
goa,zone_73,13,4,"Zone (13,4)",15.469471428571428,73.87922857142857,0.30501426866209047,0.20033751839331146,0.6878557864766979,4949.806340108957,2,0.1261654435226548,3.485841900528303,240.0,777.9422485181647,34.49542773534977,10.0,False,63.08480279069825,66.4760043744064,19.805724625099778,3.6312406063079834,66.71604339700623,0.5251935046051223,High Risk,2.0,High Heat / Medium Risk (Heat-Dominant),11.102067899328837,4.145156927829223,0.43609298787398126
goa,zone_74,14,4,"Zone (14,4)",15.469471428571428,73.8878,0.34018431203052935,0.19288188644760587,0.6773075348912203,7754.210467056167,2,0.1254519532508155,3.5324495384722985,240.0,804.3359410246358,34.48589958524173,11.0,False,63.756415894945874,66.98071591283016,20.180834826633372,3.0762572288513184,66.83267312379719,0.565843290754569,High Risk,2.0,High Heat / Medium Risk (Heat-Dominant),11.6067794377526,4.520267129362818,0.4418976872047626
goa,zone_75,0,5,Water Body / Sea Area,15.476614285714286,73.7678,0.02,0.05,0.0,0.0,3,0.11784127532228361,5.8500000000000005,240.0,820.0,30.0,0.0,True,30.5,30.5,29.0,0.0,30.5,0.0,Water Body,-1.0,Open Water Body,-24.873936475077564,13.339432302729445,1.0
goa,zone_76,1,5,Water Body / Sea Area,15.476614285714286,73.77637142857142,0.02,0.05,0.0,0.0,3,0.1142524092280736,5.8500000000000005,240.0,820.0,30.0,0.0,True,30.5,30.5,29.0,0.0,30.5,0.0,Water Body,-1.0,Open Water Body,-24.873936475077564,13.339432302729445,1.0
goa,zone_77,2,5,Water Body / Sea Area,15.476614285714286,73.78494285714285,0.02,0.05,0.0,0.0,3,0.11208662084321604,5.8500000000000005,240.0,820.0,30.0,0.0,True,30.5,30.5,29.0,0.0,30.5,0.0,Water Body,-1.0,Open Water Body,-24.873936475077564,13.339432302729445,1.0
goa,zone_78,3,5,Water Body / Sea Area,15.476614285714286,73.79351428571428,0.02,0.05,0.0,0.0,3,0.11663636363636364,5.8500000000000005,240.0,820.0,30.0,0.0,True,30.5,30.5,29.0,0.0,30.5,0.0,Water Body,-1.0,Open Water Body,-24.873936475077564,13.339432302729445,1.0
goa,zone_79,4,5,"Zone (4,5)",15.476614285714286,73.80208571428571,0.19084535331873226,0.23523941904254497,0.7459664237871799,9507.70219954469,3,0.12533000000000002,3.5759853897005085,240.0,804.8598165596974,33.72823706907997,1.0,False,62.27424895146556,64.78109676396227,19.97367164527828,3.6286449432373047,65.90289389470286,0.4020671260897595,Medium Risk,2.0,High Heat / Medium Risk (Heat-Dominant),9.407160288884704,4.313103948007726,0.546579328322007
goa,zone_80,5,5,"Zone (5,5)",15.476614285714286,73.81065714285714,0.1841481240777645,0.18455037851086986,0.7415158408930146,9755.903546107864,3,0.13198292973402143,3.7244933927702726,240.0,776.1547327417783,33.98160036579944,2.0,False,62.590407599915586,65.95100293831644,20.20260264176614,3.664238929748535,66.25464652966411,0.4413778435763,Medium Risk,2.0,High Heat / Medium Risk (Heat-Dominant),10.577066463238872,4.542034944495587,0.5246961869247361
goa,zone_81,6,5,"Zone (6,5)",15.476614285714286,73.81922857142857,0.21906487687028256,0.2065138805606365,0.7406486111531678,8194.645571865634,3,0.13498784098117997,3.520330635272952,240.0,783.6852576875951,34.21135121379654,3.0,False,63.22814815670822,66.81738620973928,20.975639462008694,3.736433267593384,66.9645814243016,0.4678474151403051,Medium Risk,2.0,High Heat / Medium Risk (Heat-Dominant),11.44344973466172,5.315071764738139,0.48477285287449906
goa,zone_82,7,5,"Zone (7,5)",15.476614285714286,73.8278,0.2657968530443492,0.17556318304292426,0.7140290505078154,9823.630756336162,3,0.13512369172216937,3.4912345188935645,240.0,785.5063532423488,34.143826870014095,4.0,False,64.25237505651005,67.00538546973745,20.251883232138148,3.356787919998169,67.60916297650822,0.46297734232290705,Medium Risk,2.0,High Heat / Medium Risk (Heat-Dominant),11.631448994659884,4.591315534867594,0.47790742585583684
goa,zone_83,8,5,"Zone (8,5)",15.476614285714286,73.83637142857143,0.26529823775145106,0.1994295366689983,0.7032105104065115,8178.130937463442,3,0.13368259691946224,3.3845323228019613,240.0,782.8062112348267,34.26186255717121,5.0,False,64.03470410229922,67.51022985743919,20.564767274554857,3.5727052688598633,67.60740937115908,0.4589522324559543,Medium Risk,2.0,High Heat / Medium Risk (Heat-Dominant),12.136293382361622,4.904199577284302,0.46101014131492857
goa,zone_84,9,5,"Zone (9,5)",15.476614285714286,73.84494285714285,0.33211578957796467,0.1760610861653793,0.6532775221579905,8128.457158336059,3,0.13163753213367607,3.7631990093362213,240.0,797.6363371379451,34.20024893482127,6.0,False,62.50882630658928,65.64697996109531,20.153759372442003,2.78757905960083,65.2964053661901,0.4208223756627686,Medium Risk,2.0,High Heat / Medium Risk (Heat-Dominant),10.273043486017748,4.493191675171449,0.5035394526906397
goa,zone_85,10,5,"Zone (10,5)",15.476614285714286,73.85351428571428,0.30480150556157526,0.18270835037114466,0.6601424373621376,6494.615595841078,3,0.12957520985079146,3.522732335426635,240.0,772.719368922961,34.16393428661942,7.0,False,63.006162920596346,66.48913550547488,20.552917099846482,2.9872403144836426,65.99340323508,0.4214526882936498,Medium Risk,2.0,High Heat / Medium Risk (Heat-Dominant),11.115199030397314,4.8923494025759275,0.4735181486345821
goa,zone_86,11,5,"Zone (11,5)",15.476614285714286,73.86208571428571,0.328146892016099,0.19523533265806034,0.6902517995935001,8187.12419804778,3,0.1277938869070592,3.3356939891367996,240.0,796.9237613975555,34.26366883123524,8.0,False,64.57756309351373,68.58364111689029,20.155086860760697,3.506472587585449,68.08403568109918,0.44215892075735996,Medium Risk,2.0,High Heat / Medium Risk (Heat-Dominant),13.209704641812728,4.494519163490143,0.4352955761670091
goa,zone_87,12,5,"Zone (12,5)",15.476614285714286,73.87065714285714,0.3720237473911056,0.19853757743551786,0.7202593222671031,6202.687584153182,2,0.1263940539436044,3.2952563121720906,240.0,797.8435843142893,34.291980489298304,9.0,False,64.43740223615741,68.59279003311076,20.23956109296656,3.763719320297241,68.20112155645465,0.5729103327732084,High Risk,2.0,High Heat / Medium Risk (Heat-Dominant),13.218853558033196,4.578993395696006,0.4086080056969171
goa,zone_88,13,5,"Zone (13,5)",15.476614285714286,73.87922857142857,0.3644502671679038,0.20306049298094908,0.5827075691333328,8675.788653294687,2,0.12536154904001762,3.7203328431077622,240.0,788.9078200457857,34.22351845229801,10.0,False,61.211112873611825,63.88520824107401,19.789801238353167,2.349679708480835,63.56079258209266,0.5294367435394215,High Risk,1.0,Moderate Heat / Moderate Risk,8.511271765996447,4.129233541082613,0.5148146477852975
goa,zone_89,14,5,"Zone (14,5)",15.476614285714286,73.8878,0.337029656435215,0.19005033213659875,0.6339855943309327,5759.977443931083,2,0.12463328896107491,3.3430046182015616,240.0,783.6296952748598,34.39950357564471,11.0,False,64.29664447122822,67.66462496642839,20.550380302413675,2.89676833152771,67.19341280275593,0.5638960056492568,High Risk,2.0,High Heat / Medium Risk (Heat-Dominant),12.290688491350828,4.8898126051431205,0.45526119018955263
goa,zone_90,0,6,Water Body / Sea Area,15.483757142857142,73.7678,0.02,0.05,0.0,0.0,3,0.11908782662674075,5.8500000000000005,240.0,820.0,30.0,0.0,True,30.5,30.5,29.0,0.0,30.5,0.0,Water Body,-1.0,Open Water Body,-24.873936475077564,13.339432302729445,1.0
goa,zone_91,1,6,Water Body / Sea Area,15.483757142857142,73.77637142857142,0.02,0.05,0.0,0.0,3,0.11653213465952562,5.8500000000000005,240.0,820.0,30.0,0.0,True,30.5,30.5,29.0,0.0,30.5,0.0,Water Body,-1.0,Open Water Body,-24.873936475077564,13.339432302729445,1.0
goa,zone_92,2,6,Water Body / Sea Area,15.483757142857142,73.78494285714285,0.02,0.05,0.0,0.0,3,0.11584204733076499,5.8500000000000005,240.0,820.0,30.0,0.0,True,30.5,30.5,29.0,0.0,30.5,0.0,Water Body,-1.0,Open Water Body,-24.873936475077564,13.339432302729445,1.0
goa,zone_93,3,6,Water Body / Sea Area,15.483757142857142,73.79351428571428,0.02,0.05,0.0,0.0,3,0.12175,5.8500000000000005,240.0,820.0,30.0,0.0,True,30.5,30.5,29.0,0.0,30.5,0.0,Water Body,-1.0,Open Water Body,-24.873936475077564,13.339432302729445,1.0
goa,zone_94,4,6,"Zone (4,6)",15.483757142857142,73.80208571428571,0.27294832530370877,0.22044438285742216,0.5673669317995148,7810.601040513812,3,0.13304406648627756,4.363624901621728,240.0,801.4307523629178,33.70455389573277,1.0,False,57.88840484395247,59.15226960721517,18.50107912732075,1.398058533668518,59.28646337762099,0.3025331891247978,Low Risk,0.0,Cool & Resilient (Safe),3.778333132137604,2.8405114300501957,0.706248324309354
goa,zone_95,5,6,"Zone (5,6)",15.483757142857142,73.81065714285714,0.25177607676302743,0.18681650236811811,0.6777730107709365,9164.314970292899,3,0.14087620578778134,3.8321682123696403,240.0,786.6082921513905,33.799441954444305,2.0,False,61.55398964084727,63.9195414937916,19.615257296009148,2.3361666202545166,63.89015626110179,0.4201744019695408,Medium Risk,1.0,Moderate Heat / Moderate Risk,8.545605018714035,3.954689598738593,0.5701202063046075
goa,zone_96,6,6,"Zone (6,6)",15.483757142857142,73.81922857142857,0.2603809933177041,0.184038716011496,0.7478634868419392,9322.43086687172,3,0.14216821551634123,3.432554146731876,240.0,794.247728340911,34.1904180162796,3.0,False,64.7324220736161,68.13143318732806,20.237644218395342,3.689030170440674,68.42145224405678,0.48854256321137096,Medium Risk,2.0,High Heat / Medium Risk (Heat-Dominant),12.757496712250493,4.577076521124788,0.47459216155849787
goa,zone_97,7,6,"Zone (7,6)",15.483757142857142,73.8278,0.26551185181136694,0.169268911262135,0.6598468218602269,9594.464374500505,3,0.13964674782441772,3.505737183403755,240.0,789.5816408774592,34.08544520437659,4.0,False,64.50341423996507,67.69355190343747,20.644420162823632,2.906158208847046,67.40957244881211,0.4921751268720346,Medium Risk,2.0,High Heat / Medium Risk (Heat-Dominant),12.319615428359903,4.983852465553078,0.5113836073450694
goa,zone_98,8,6,"Zone (8,6)",15.483757142857142,73.83637142857143,0.3180911205257737,0.1925370176358745,0.632027087269195,9650.435868444505,3,0.13586710650329878,3.682734309760555,240.0,773.8068199185557,33.92847253811582,5.0,False,61.36390199591761,64.30477789589494,19.204931073528822,2.8136544227600098,64.17755641867763,0.40281952454104675,Medium Risk,1.0,Moderate Heat / Moderate Risk,8.93084142081738,3.544363376258268,0.5236003276612247
goa,zone_99,9,6,"Zone (9,6)",15.483757142857142,73.84494285714285,0.3317211391140894,0.20099154628085936,0.668725393711938,8829.322980063105,3,0.1321339031776012,3.4541947391752106,240.0,793.8850606683138,34.144418303862935,6.0,False,63.28703680335959,66.4970319044852,20.537752800319655,3.070641040802002,66.3576778441616,0.44929814605522744,Medium Risk,2.0,High Heat / Medium Risk (Heat-Dominant),11.123095429407634,4.877185103049101,0.4736704450808706
goa,zone_100,10,6,"Zone (10,6)",15.483757142857142,73.85351428571428,0.3618853574652784,0.20801759376268042,0.6048797260092879,7146.000213076426,3,0.12902969247083773,3.4411050408703385,240.0,796.4536809423134,34.009783723627464,7.0,False,62.811304271384564,66.01917712045399,19.324999675500464,2.9450125694274902,65.75631684081205,0.3834217592903297,Medium Risk,2.0,High Heat / Medium Risk (Heat-Dominant),10.645240645376425,3.66443197822991,0.5012339558092056
goa,zone_101,11,6,"Zone (11,6)",15.483757142857142,73.86208571428571,0.3439476113490722,0.2062917294589979,0.6822412205258113,8083.203848491792,2,0.12672073023536512,3.501006531727836,240.0,792.27191526549,34.3533645644361,8.0,False,62.82955585968632,66.36381509421092,20.241351969956856,3.412208318710327,66.24176417839665,0.5675813939403487,High Risk,2.0,High Heat / Medium Risk (Heat-Dominant),10.989878619133357,4.5807842726863015,0.4511227597803582
goa,zone_102,12,6,"Zone (12,6)",15.483757142857142,73.87065714285714,0.34453664562069136,0.2021299811614478,0.720080651341804,8437.458859710307,2,0.1251358028527922,3.1508043326750177,240.0,800.9398595377562,34.583582661185886,9.0,False,65.96422310110512,69.65712666274216,20.36393566228908,3.7485477924346924,69.71277089353981,0.6051089917806892,High Risk,3.0,High Heat & High HVI (Critical Priority Zone),14.283190187664594,4.703367965018526,0.399085076285625
goa,zone_103,13,6,"Zone (13,6)",15.483757142857142,73.87922857142857,0.38783181170963027,0.2010426780906754,0.6319448768944322,6450.448785767678,2,0.12411154340618445,3.5666739245830557,240.0,792.5548941612083,34.295642433524236,10.0,False,62.226429741652225,64.80996247527695,19.583633800324126,2.7289395332336426,64.95536927488587,0.5091325650835209,Medium Risk,2.0,High Heat / Medium Risk (Heat-Dominant),9.436026000199384,3.9230661030535714,0.4750283352269908
goa,zone_104,14,6,"Zone (14,6)",15.483757142857142,73.8878,0.37660723677540114,0.19828362087404938,0.5840250534366541,8759.806481064694,2,0.12348280318586337,3.5535630579678257,240.0,811.3853365602578,34.162218012771746,11.0,False,63.04135768925944,64.8199887672641,19.266329199522865,2.2729296684265137,65.31428735768596,0.5190434843221259,Medium Risk,2.0,High Heat / Medium Risk (Heat-Dominant),9.446052292186543,3.60576150225231,0.4992747440438708
goa,zone_105,0,7,Water Body / Sea Area,15.4909,73.7678,0.02,0.05,0.0,0.0,3,0.12224519671487104,5.8500000000000005,240.0,820.0,30.0,0.0,True,30.5,30.5,29.0,0.0,30.5,0.0,Water Body,-1.0,Open Water Body,-24.873936475077564,13.339432302729445,1.0
goa,zone_106,1,7,Water Body / Sea Area,15.4909,73.77637142857142,0.02,0.05,0.0,0.0,3,0.12205276428902945,5.8500000000000005,240.0,820.0,30.0,0.0,True,30.5,30.5,29.0,0.0,30.5,0.0,Water Body,-1.0,Open Water Body,-24.873936475077564,13.339432302729445,1.0
goa,zone_107,2,7,Water Body / Sea Area,15.4909,73.78494285714285,0.02,0.05,0.0,0.0,3,0.12460150933519458,5.8500000000000005,240.0,820.0,30.0,0.0,True,30.5,30.5,29.0,0.0,30.5,0.0,Water Body,-1.0,Open Water Body,-24.873936475077564,13.339432302729445,1.0
goa,zone_108,3,7,Water Body / Sea Area,15.4909,73.79351428571428,0.02,0.05,0.0,0.0,3,0.13317427385892117,5.8500000000000005,240.0,820.0,30.0,0.0,True,30.5,30.5,29.0,0.0,30.5,0.0,Water Body,-1.0,Open Water Body,-24.873936475077564,13.339432302729445,1.0
goa,zone_109,4,7,Panaji Centro Sec 3,15.4909,73.80208571428571,0.28988948351600996,0.16905794618608164,0.621073746516501,9621.327748049041,3,0.14573928593262825,4.0025004345580495,240.0,788.1135594040477,33.58479625140037,1.0,False,60.78547227042907,61.8902982136848,19.03719031920317,1.6307636499404907,62.41623592036956,0.3981894220424441,Medium Risk,1.0,Moderate Heat / Moderate Risk,6.516361738607237,3.376622621932615,0.6499492710082504
goa,zone_110,5,7,Panaji Centro Sec 1,15.4909,73.81065714285714,0.30947239560853734,0.1657941765028977,0.6295143845623199,14163.578565161755,3,0.15227975153397472,3.6517642454017385,240.0,802.9409202556374,33.93970702991399,2.0,False,63.70066059499214,66.69540585606272,19.915471753916368,2.971940040588379,66.67260063558052,0.5348339747210547,High Risk,2.0,High Heat / Medium Risk (Heat-Dominant),11.321469380985157,4.254904056645813,0.587048450898584
goa,zone_111,6,7,Panaji Centro Sec 2,15.4909,73.81922857142857,0.28765333668821974,0.1664286204620774,0.661815905990353,8625.465415310804,3,0.15003906250000001,3.6821383389752165,240.0,800.2058968434825,34.01623643791375,3.0,False,63.634605286511395,66.27539198264071,19.69003241866137,2.8000781536102295,66.43468344012163,0.4667214497622961,Medium Risk,2.0,High Heat / Medium Risk (Heat-Dominant),10.90145550756315,4.029464721390816,0.5428596562190056
goa,zone_112,7,7,"Zone (7,7)",15.4909,73.8278,0.3445396483082991,0.17119557550450637,0.633964878602392,9055.73130798099,3,0.14373575691806836,3.4245144905669154,240.0,797.7606733797858,34.19018292865689,4.0,False,64.76671213779963,67.16091559034537,19.84560624216107,2.4994313716888428,67.26614350948847,0.46802000689819256,Medium Risk,2.0,High Heat / Medium Risk (Heat-Dominant),11.786979115267805,4.185038544890517,0.5214979271106477
goa,zone_113,8,7,"Zone (8,7)",15.4909,73.83637142857143,0.3136177744665303,0.18840782521147215,0.6800750657709276,9555.609784883512,3,0.13693784345759688,3.6136608431178066,240.0,798.5280042655443,34.38470607833488,5.0,False,63.31609929505401,66.36398469713313,19.799094889578054,3.2032058238983154,66.51930511895233,0.4447090918630328,Medium Risk,2.0,High Heat / Medium Risk (Heat-Dominant),10.99004822205557,4.1385271923074995,0.4901666427840019
goa,zone_114,9,7,"Zone (9,7)",15.4909,73.84494285714285,0.35513229291851506,0.1904224468868591,0.6754129820080967,7777.9966596754375,3,0.13124882325939644,3.737365063711813,240.0,782.5812112277805,34.21732631172173,6.0,False,61.43170251354062,63.44970715360161,19.663622905564928,2.640958786010742,64.07266129955136,0.37838857181959773,Medium Risk,1.0,Moderate Heat / Moderate Risk,8.075770678524044,4.003055208294374,0.4885359137389488
goa,zone_115,10,7,"Zone (10,7)",15.4909,73.85351428571428,0.4288951387606244,0.1820609231216724,0.571230946362052,7641.921942735345,3,0.1271788368105173,3.7601635830055185,240.0,809.157801422695,34.283129703957826,7.0,False,62.00711352077018,63.91379836437217,19.169576809119498,2.2578203678131104,64.2649338885833,0.356087905949935,Medium Risk,1.0,Moderate Heat / Moderate Risk,8.539861889294606,3.5090091118489433,0.5426937930732257
goa,zone_116,11,7,"Zone (11,7)",15.4909,73.86208571428571,0.4228433332056514,0.19660401446230338,0.572757891600483,6319.199482080369,2,0.12459612456277092,3.75693903541306,240.0,793.7867068844962,34.26026635577188,8.0,False,60.98026805768585,63.0817218381151,18.859231923310237,2.380237340927124,63.36050539861297,0.4688048387298348,Medium Risk,1.0,Moderate Heat / Moderate Risk,7.707785363037537,3.198664226039682,0.5338749240479035
goa,zone_117,12,7,"Zone (12,7)",15.4909,73.87065714285714,0.4371952011119681,0.20436358979107136,0.5604575070765673,6076.969755149726,2,0.12310823263685089,3.5596763411579446,240.0,793.784732755438,34.15833886355561,9.0,False,61.65505780428397,63.75207826426059,19.742971636016602,2.2013256549835205,63.85638345926749,0.49675992651471745,Medium Risk,1.0,Moderate Heat / Moderate Risk,8.378141789183026,4.082403938746047,0.5221170967436289
goa,zone_118,13,7,"Zone (13,7)",15.4909,73.87922857142857,0.42620265066251684,0.19839621778440267,0.5687705875052677,2518.545614752284,2,0.12232838589981447,3.2811911800224793,240.0,800.9117889408185,34.071929418086185,10.0,False,64.00479895892202,66.34504614095789,19.215754583086294,2.3948545455932617,66.39965350451529,0.47323541780338607,Medium Risk,2.0,High Heat / Medium Risk (Heat-Dominant),10.971109665880327,3.55518688581574,0.4939007258897845
goa,zone_119,14,7,"Zone (14,7)",15.4909,73.8878,0.402106394407582,0.20703320827211166,0.6239657727263007,6040.257015982629,2,0.12197277944990556,3.8359922607100136,240.0,794.2288160105529,34.34782837032227,11.0,False,60.40955821690919,63.58567387166411,19.673722543292172,2.7110888957977295,63.12064711270692,0.48952933137132215,Medium Risk,1.0,Moderate Heat / Moderate Risk,8.21173739658655,4.013154846021617,0.4941389259862287
goa,zone_120,0,8,Water Body / Sea Area,15.498042857142856,73.7678,0.02,0.05,0.0,0.0,3,0.12578968149513028,5.8500000000000005,240.0,820.0,30.0,0.0,True,30.5,30.5,29.0,0.0,30.5,0.0,Water Body,-1.0,Open Water Body,-24.873936475077564,13.339432302729445,1.0
goa,zone_121,1,8,Water Body / Sea Area,15.498042857142856,73.77637142857142,0.02,0.05,0.0,0.0,3,0.12761994219653178,5.8500000000000005,240.0,820.0,30.0,0.0,True,30.5,30.5,29.0,0.0,30.5,0.0,Water Body,-1.0,Open Water Body,-24.873936475077564,13.339432302729445,1.0
goa,zone_122,2,8,Water Body / Sea Area,15.498042857142856,73.78494285714285,0.02,0.05,0.0,0.0,3,0.13235528772704125,5.8500000000000005,240.0,820.0,30.0,0.0,True,30.5,30.5,29.0,0.0,30.5,0.0,Water Body,-1.0,Open Water Body,-24.873936475077564,13.339432302729445,1.0
goa,zone_123,3,8,Water Body / Sea Area,15.498042857142856,73.79351428571428,0.02,0.05,0.0,0.0,3,0.1415152963671128,5.8500000000000005,240.0,820.0,30.0,0.0,True,30.5,30.5,29.0,0.0,30.5,0.0,Water Body,-1.0,Open Water Body,-24.873936475077564,13.339432302729445,1.0
goa,zone_124,4,8,Panaji Centro Sec 1,15.498042857142856,73.80208571428571,0.33188450488987226,0.14469335601493774,0.5960942694750102,10583.30548106351,3,0.15248331228576584,4.138229782049826,240.0,792.7998247572995,33.717111959086374,1.0,False,60.87003367466265,62.49051972235396,18.205331886769336,1.6827208995819092,62.55275457424456,0.40579991843612717,Medium Risk,1.0,Moderate Heat / Moderate Risk,7.116583247276395,2.544764189498782,0.6739855803992633
goa,zone_125,5,8,Panaji Centro Sec 2,15.498042857142856,73.81065714285714,0.3180247614092473,0.137506135613102,0.6204714739645669,8285.215055547575,3,0.1574925050615169,3.5030587447854,240.0,798.686973039988,33.79857320398611,2.0,False,65.42401734985506,67.28242528682271,19.234116933691407,1.9673372507095337,67.3913546005646,0.48007006140509073,Medium Risk,2.0,High Heat / Medium Risk (Heat-Dominant),11.908488811745151,3.5735492364208525,0.5825604972161466
goa,zone_126,6,8,Panaji Centro Sec 3,15.498042857142856,73.81922857142857,0.32130754974496156,0.14872567348490984,0.6094394617428985,12279.123695317056,3,0.1535168539325843,3.804312838827833,240.0,807.5115557656528,34.15968880113836,3.0,False,63.690714816930296,66.03006351589792,20.059606072285852,2.5033140182495117,66.19402883517981,0.5182246870542584,Medium Risk,2.0,High Heat / Medium Risk (Heat-Dominant),10.656127040820358,4.399038375015298,0.5824304894243193
goa,zone_127,7,8,"Zone (7,8)",15.498042857142856,73.8278,0.3281437479711074,0.15426232674391172,0.6420548742160881,13306.60609467155,3,0.1444922336653723,3.652603191979375,240.0,801.7911716353326,34.037447384633964,4.0,False,64.04579551323083,66.83723547561384,19.948752243553315,2.8700950145721436,66.91589052780297,0.508785680544122,Medium Risk,2.0,High Heat / Medium Risk (Heat-Dominant),11.463299000536274,4.288184546282761,0.5318498431699273
goa,zone_128,8,8,"Zone (8,8)",15.498042857142856,73.83637142857143,0.3813407391937978,0.18748360287013616,0.5610231912658432,6303.824956436755,3,0.1350041246390941,3.6395010169170003,240.0,786.7779568366666,34.17361880212391,5.0,False,62.023203159388316,63.89441766013036,19.17154703892649,2.095383405685425,64.11858656507374,0.36446337573837256,Medium Risk,1.0,Moderate Heat / Moderate Risk,8.520481185052795,3.5109793416559363,0.5633204457403321
goa,zone_129,9,8,"Zone (9,8)",15.498042857142856,73.84494285714285,0.4210202377946847,0.18432737483407446,0.5618708605914824,6145.353273537846,3,0.1277522547914318,3.724153197799489,240.0,801.6235455376291,34.11721650211798,6.0,False,61.77651167754401,64.18665637581336,18.82990207565955,2.3384923934936523,64.11500407103766,0.33635419686410034,Low Risk,1.0,Moderate Heat / Moderate Risk,8.812719900735793,3.169334378388996,0.5557803955280958
goa,zone_130,10,8,"Zone (10,8)",15.498042857142856,73.85351428571428,0.4429552160436743,0.20767166384664756,0.5205388505907154,3642.7222181769603,2,0.12334271997045515,3.7603507270246217,240.0,796.741564951996,34.03831979018958,7.0,False,60.26204012569391,61.62405753988043,18.16945946841187,1.8635947704315186,62.125634896125426,0.40441430862172956,Medium Risk,1.0,Moderate Heat / Moderate Risk,6.250121064802869,2.5088917711413146,0.5731215268039679
goa,zone_131,11,8,"Zone (11,8)",15.498042857142856,73.86208571428571,0.4946048398282122,0.19448400101887542,0.5280666170277776,6916.161104731171,2,0.12112459835637981,3.66616330041235,240.0,801.3635138940426,34.011346809060086,8.0,False,61.03536810277679,63.77564169329124,19.00742677082625,2.139692544937134,63.17506064771393,0.4769130558811068,Medium Risk,1.0,Moderate Heat / Moderate Risk,8.401705218213678,3.346859073555695,0.5546379731248127
goa,zone_132,12,8,"Zone (12,8)",15.498042857142856,73.87065714285714,0.47155199472472614,0.20618347311910848,0.5132236633003636,8962.699293422736,2,0.12022773281171907,3.7002086845802395,240.0,783.3113416499449,33.9604791897516,9.0,False,59.917694515245906,62.36085284410596,19.597565209925428,2.023641586303711,61.941336101549616,0.4964597182582031,Medium Risk,1.0,Moderate Heat / Moderate Risk,6.9869163690284,3.936997512654873,0.5598262259041707
goa,zone_133,13,8,"Zone (13,8)",15.498042857142856,73.87922857142857,0.4308711435306382,0.20847532194731352,0.561677248800581,6474.782642995529,2,0.1200228876841244,3.9089887716928713,240.0,774.8899354302557,34.130036868527505,10.0,False,58.891713783377114,62.131377244622286,18.636563783499685,2.733743190765381,61.625456974142494,0.441234952740746,Medium Risk,1.0,Moderate Heat / Moderate Risk,6.757440769544722,2.975996086229131,0.5400099018906225
goa,zone_134,14,8,"Zone (14,8)",15.498042857142856,73.8878,0.468261873085003,0.2041081532576673,0.5328088284642312,3087.648280430546,2,0.12014656289307434,3.8435552705778693,240.0,782.6925818488066,34.161381344648014,11.0,False,59.39149614748047,61.30563820038745,18.588858259227372,1.8876543045043945,61.27915045198486,0.4003097404099195,Medium Risk,1.0,Moderate Heat / Moderate Risk,5.931701725309885,2.9282905619568176,0.5493372932013274
goa,zone_135,0,9,Water Body / Sea Area,15.505185714285714,73.7678,0.02,0.05,0.0,0.0,3,0.12847352277620433,5.8500000000000005,240.0,820.0,30.0,0.0,True,30.5,30.5,29.0,0.0,30.5,0.0,Water Body,-1.0,Open Water Body,-24.873936475077564,13.339432302729445,1.0
goa,zone_136,1,9,Water Body / Sea Area,15.505185714285714,73.77637142857142,0.02,0.05,0.0,0.0,3,0.1311138098542679,5.8500000000000005,240.0,820.0,30.0,0.0,True,30.5,30.5,29.0,0.0,30.5,0.0,Water Body,-1.0,Open Water Body,-24.873936475077564,13.339432302729445,1.0
goa,zone_137,2,9,Water Body / Sea Area,15.505185714285714,73.78494285714285,0.02,0.05,0.0,0.0,3,0.13587423592737888,5.8500000000000005,240.0,820.0,30.0,0.0,True,30.5,30.5,29.0,0.0,30.5,0.0,Water Body,-1.0,Open Water Body,-24.873936475077564,13.339432302729445,1.0
goa,zone_138,3,9,Water Body / Sea Area,15.505185714285714,73.79351428571428,0.02,0.05,0.0,0.0,3,0.14299115603284904,5.8500000000000005,240.0,820.0,30.0,0.0,True,30.5,30.5,29.0,0.0,30.5,0.0,Water Body,-1.0,Open Water Body,-24.873936475077564,13.339432302729445,1.0
goa,zone_139,4,9,Panaji Centro Sec 2,15.505185714285714,73.80208571428571,0.3147625462079102,0.12924883282234334,0.6525601303228212,10161.702718674745,3,0.15040892005041867,3.9892542949898675,240.0,814.7173782914842,33.69856443324469,1.0,False,63.15336411402924,65.0735252947284,18.732046071140374,1.913687825202942,65.06705193923219,0.4397901975999331,Medium Risk,2.0,High Heat / Medium Risk (Heat-Dominant),9.699588819650835,3.0714783738698195,0.6301743647532462
goa,zone_140,5,9,Panaji Centro Sec 3,15.505185714285714,73.81065714285714,0.3078647011972448,0.13869718992335173,0.6417620753896,11726.89188133054,3,0.15361804222648753,3.9619162946087205,240.0,781.7042176702463,33.92310135508773,2.0,False,62.0594429005386,64.751405566779,19.452760753881982,2.6246838569641113,64.68412675750271,0.4813563062368848,Medium Risk,2.0,High Heat / Medium Risk (Heat-Dominant),9.377469091701435,3.7921930566114277,0.6003766396826814
goa,zone_141,6,9,Panaji Centro Sec 1,15.505185714285714,73.81922857142857,0.3460188077388492,0.1717382775875984,0.5706785307812158,8516.938247609882,3,0.14945139911634756,3.979075591520783,240.0,795.2725097864583,33.985147374102695,3.0,False,61.019351386247024,63.06787680698183,19.16365454897975,2.0942177772521973,63.11356916349922,0.414213957753853,Medium Risk,1.0,Moderate Heat / Moderate Risk,7.693940331904265,3.5030868517091953,0.617337898180859
goa,zone_142,7,9,"Zone (7,9)",15.505185714285714,73.8278,0.3957860709392739,0.17091981470408918,0.6411132714580257,11014.245956547544,3,0.13931529664465572,3.4113937465509214,240.0,798.8938953496335,34.04169828845435,4.0,False,64.35412221187099,67.90716114830101,19.92234078879872,3.1659371852874756,67.52005939715846,0.4844645858019614,Medium Risk,2.0,High Heat / Medium Risk (Heat-Dominant),12.533224673223451,4.261773091528166,0.5163341751295345
goa,zone_143,8,9,"Zone (8,9)",15.505185714285714,73.83637142857143,0.42724385822148464,0.1983652315663529,0.5157668263955439,6033.105941081931,3,0.1282912844036697,3.8989117742298265,240.0,792.8137213509171,34.061380974013275,5.0,False,59.84701993290954,61.2076416166522,18.150064138730734,1.9814841747283936,61.82850410763793,0.28451798476231804,Low Risk,1.0,Moderate Heat / Moderate Risk,5.833705141574633,2.4894964414601795,0.6077683151500334
goa,zone_144,9,9,"Zone (9,9)",15.505185714285714,73.84494285714285,0.49036526283103216,0.19471197113671887,0.4821187287999058,4126.071266023146,2,0.12076431919823269,3.7204810266526787,240.0,806.7897258295322,34.02372401956547,6.0,False,60.926202511109125,62.47942725918182,18.71852148744768,1.646154761314392,62.57235727242352,0.4278322189708451,Medium Risk,1.0,Moderate Heat / Moderate Risk,7.105490784104255,3.0579537901771268,0.6033868631932544
goa,zone_145,10,9,"Zone (10,9)",15.505185714285714,73.85351428571428,0.5505140195788882,0.18272223890652017,0.5496833899188147,4714.584233293531,2,0.11731255226711813,3.635131243631149,240.0,782.5907871869588,33.97644607424313,7.0,False,60.56041081386675,62.13639591336704,18.267961081008806,1.8198258876800537,62.380236701546806,0.40664301042158046,Medium Risk,1.0,Moderate Heat / Moderate Risk,6.762459438289476,2.607393383738252,0.5472868376475435
goa,zone_146,11,9,"Zone (11,9)",15.505185714285714,73.86208571428571,0.5475792079737914,0.22343279764382368,0.4394917489627367,4940.881542410785,2,0.11641698233381381,3.9519287271571377,240.0,810.2629201736055,33.933822838655004,8.0,False,58.094284940407086,59.642008584982406,17.77135881333496,1.5184389352798462,59.61272387568693,0.3648231600815203,Medium Risk,0.0,Cool & Resilient (Safe),4.268072109904843,2.110791116064405,0.6268339224134898
goa,zone_147,12,9,"Zone (12,9)",15.505185714285714,73.87065714285714,0.5162957833402075,0.20220416774117095,0.4059656468514647,6229.196245172121,2,0.1166903223512718,3.950326390270281,240.0,820.8294947539592,34.05465027762553,9.0,False,59.58780427969375,61.31675076639992,17.50221904959749,1.3160933256149292,60.90389760530868,0.38679477917101446,Medium Risk,1.0,Moderate Heat / Moderate Risk,5.942814291322357,1.8416513523269344,0.6408555494861795
goa,zone_148,13,9,"Zone (13,9)",15.505185714285714,73.87922857142857,0.5302555776174165,0.2100914110447624,0.49219512247684144,3980.528256060705,2,0.11737796015754173,3.8265947129016507,240.0,802.2946858981132,33.99194806594871,10.0,False,59.2290258503275,61.51985267173398,17.990906185351317,1.880090594291687,61.10911644461919,0.3850934470240577,Medium Risk,1.0,Moderate Heat / Moderate Risk,6.145916196656415,2.3303384880807627,0.5762062404321182
goa,zone_149,14,9,"Zone (14,9)",15.505185714285714,73.8878,0.47006551373148375,0.20524208544008862,0.556634823282552,4527.509965085196,2,0.1181482786630671,3.7034070809049724,240.0,806.7410863131951,34.21294727126452,11.0,False,60.975673190977396,63.28749031430753,19.287736463203927,2.023730516433716,62.99940370741111,0.45051657072005624,Medium Risk,1.0,Moderate Heat / Moderate Risk,7.913553839229969,3.627168765933373,0.5256984836654751
goa,zone_150,0,10,Water Body / Sea Area,15.51232857142857,73.7678,0.02,0.05,0.0,0.0,3,0.1298722405701373,5.8500000000000005,240.0,820.0,30.0,0.0,True,30.5,30.5,29.0,0.0,30.5,0.0,Water Body,-1.0,Open Water Body,-24.873936475077564,13.339432302729445,1.0
goa,zone_151,1,10,Water Body / Sea Area,15.51232857142857,73.77637142857142,0.02,0.05,0.0,0.0,3,0.13233975847654436,5.8500000000000005,240.0,820.0,30.0,0.0,True,30.5,30.5,29.0,0.0,30.5,0.0,Water Body,-1.0,Open Water Body,-24.873936475077564,13.339432302729445,1.0
goa,zone_152,2,10,Water Body / Sea Area,15.51232857142857,73.78494285714285,0.02,0.05,0.0,0.0,3,0.13595700931422638,5.8500000000000005,240.0,820.0,30.0,0.0,True,30.5,30.5,29.0,0.0,30.5,0.0,Water Body,-1.0,Open Water Body,-24.873936475077564,13.339432302729445,1.0
goa,zone_153,3,10,Water Body / Sea Area,15.51232857142857,73.79351428571428,0.02,0.05,0.0,0.0,3,0.14039970020855058,5.8500000000000005,240.0,820.0,30.0,0.0,True,30.5,30.5,29.0,0.0,30.5,0.0,Water Body,-1.0,Open Water Body,-24.873936475077564,13.339432302729445,1.0
goa,zone_154,4,10,"Zone (4,10)",15.51232857142857,73.80208571428571,0.3562394529187021,0.15229430497497012,0.6051052836346753,10746.38272907999,3,0.14419360568383657,4.027505979565473,240.0,784.6403438427355,33.77429395312174,1.0,False,60.789108019961745,62.17422885692733,18.79915757114503,2.0969293117523193,62.886037331714064,0.40011123898013834,Medium Risk,1.0,Moderate Heat / Moderate Risk,6.800292381849765,3.1385898738744764,0.661197385071174
goa,zone_155,5,10,"Zone (5,10)",15.51232857142857,73.81065714285714,0.34374795955746296,0.15126285840000098,0.6063777691954068,7687.816322433144,3,0.14469719172389658,3.9237573178051504,240.0,794.0403237155217,33.694233566381854,2.0,False,61.7555729209391,63.5219855185926,19.360580230517918,1.6844840049743652,63.44005692591347,0.4047885831311405,Medium Risk,1.0,Moderate Heat / Moderate Risk,8.148049043515037,3.7000125332473637,0.6190632916122927
goa,zone_156,6,10,"Zone (6,10)",15.51232857142857,73.81922857142857,0.39123890606284567,0.16893462906567588,0.5015594242837579,11513.763303566922,3,0.13936802093437706,3.6481865159205524,240.0,809.5761862455988,34.01466425960657,3.0,False,63.260084350357744,65.89499911599775,18.89586220720785,2.192521572113037,65.45260592247078,0.4365326043121572,Medium Risk,2.0,High Heat / Medium Risk (Heat-Dominant),10.521062640920185,3.235294509937294,0.6367500903726517
goa,zone_157,7,10,"Zone (7,10)",15.51232857142857,73.8278,0.44823288023590685,0.1916271951635552,0.5140149486074694,6910.073087119473,3,0.1285195802682821,4.090882311747971,240.0,782.3711765504002,34.0065738346374,4.0,False,58.51808276326388,60.704439615191774,18.32243396642361,1.8914201259613037,60.40950288922518,0.29314372174050096,Low Risk,1.0,Moderate Heat / Moderate Risk,5.33050314011421,2.6618662691530552,0.6378924065196716
goa,zone_158,8,10,"Zone (8,10)",15.51232857142857,73.83637142857143,0.555367728311525,0.19032976116983263,0.41639433330042885,5907.608356913482,2,0.11744368158559494,3.915275144196436,240.0,820.1516933069266,33.81018562555937,5.0,False,59.64308777906066,61.00316555373234,17.30779649440591,1.1998111009597778,60.842898880020435,0.3765847789972767,Medium Risk,1.0,Moderate Heat / Moderate Risk,5.629229078654774,1.6472287971353552,0.6684827023382097
goa,zone_159,9,10,"Zone (9,10)",15.51232857142857,73.84494285714285,0.6365569131157582,0.2097241674314691,0.30074168401738927,5650.392020409225,2,0.11141250461084469,3.99394873189244,240.0,800.5341572836386,33.74139980160216,6.0,False,57.174851283262626,58.135098360126605,16.927983638514178,0.6656298637390137,57.84048114700164,0.3163125774167084,Low Risk,0.0,Cool & Resilient (Safe),2.7611618850490416,1.2674159412436232,0.7304442704120816
goa,zone_160,10,10,"Zone (10,10)",15.51232857142857,73.85351428571428,0.6302631520204643,0.20818789294603224,0.41116733319525245,3553.7170675920383,2,0.11022462806534775,3.86903096274136,240.0,807.7693394882309,33.84780315264391,7.0,False,58.28176167758167,59.75044449128999,17.438334320254587,1.2628899812698364,59.54465165885151,0.32657976091459695,Low Risk,0.0,Cool & Resilient (Safe),4.376508016212426,1.777766622984032,0.6459897862890283
goa,zone_161,11,10,"Zone (11,10)",15.51232857142857,73.86208571428571,0.6080213641608053,0.2204302969084947,0.3772829184359738,2552.1842915009074,2,0.11133997293326735,3.8972250619478537,240.0,806.2756551702739,33.83963387108862,8.0,False,57.798087153704046,59.082322366425274,17.355003985398355,1.1424437761306763,58.94053092983472,0.31075456993708284,Low Risk,0.0,Cool & Resilient (Safe),3.70838589134771,1.6944362881278003,0.6605123097155952
goa,zone_162,12,10,"Zone (12,10)",15.51232857142857,73.87065714285714,0.578832258645558,0.21362473065797746,0.3923158697139918,1430.278077772573,2,0.1130787666563437,4.046928299499988,240.0,792.3288700620507,34.02177071926398,9.0,False,57.26047681139237,58.4758999704992,17.590185023277265,1.0769212245941162,58.33739803598649,0.3058862031430226,Low Risk,0.0,Cool & Resilient (Safe),3.1019634954216357,1.92961732600671,0.6554855430506438
goa,zone_163,13,10,"Zone (13,10)",15.51232857142857,73.87922857142857,0.5425540708225614,0.201962543876553,0.42176026519008925,4543.222306946409,2,0.1147677456029409,3.861891517975829,240.0,816.4090355879778,34.016248343825815,10.0,False,59.70291812758463,60.79830128255781,17.962683221625408,1.1937870979309082,60.89670522551554,0.37484480324641406,Medium Risk,1.0,Moderate Heat / Moderate Risk,5.424364807480245,2.3021155243548534,0.6208202751424481
goa,zone_164,14,10,"Zone (14,10)",15.51232857142857,73.8878,0.49614437306836107,0.21557484933941143,0.4867591200785722,2783.1752878106327,2,0.1162165865060906,3.6976520040207754,240.0,792.5186053102516,34.14288834377422,11.0,False,59.8702248267141,61.57884591686103,18.203692153676094,1.685050129890442,61.55527495660454,0.37815670494782505,Medium Risk,1.0,Moderate Heat / Moderate Risk,6.204909441783464,2.5431244564055397,0.5672402337955832
goa,zone_165,0,11,Water Body / Sea Area,15.519471428571428,73.7678,0.02,0.05,0.0,0.0,3,0.13015747611616918,5.8500000000000005,240.0,820.0,30.0,0.0,True,30.5,30.5,29.0,0.0,30.5,0.0,Water Body,-1.0,Open Water Body,-24.873936475077564,13.339432302729445,1.0
goa,zone_166,1,11,Water Body / Sea Area,15.519471428571428,73.77637142857142,0.02,0.05,0.0,0.0,3,0.13199387280411978,5.8500000000000005,240.0,820.0,30.0,0.0,True,30.5,30.5,29.0,0.0,30.5,0.0,Water Body,-1.0,Open Water Body,-24.873936475077564,13.339432302729445,1.0
goa,zone_167,2,11,Water Body / Sea Area,15.519471428571428,73.78494285714285,0.02,0.05,0.0,0.0,3,0.1342303779252051,5.8500000000000005,240.0,820.0,30.0,0.0,True,30.5,30.5,29.0,0.0,30.5,0.0,Water Body,-1.0,Open Water Body,-24.873936475077564,13.339432302729445,1.0
goa,zone_168,3,11,Water Body / Sea Area,15.519471428571428,73.79351428571428,0.02,0.05,0.0,0.0,3,0.13636387298282143,5.8500000000000005,240.0,820.0,30.0,0.0,True,30.5,30.5,29.0,0.0,30.5,0.0,Water Body,-1.0,Open Water Body,-24.873936475077564,13.339432302729445,1.0
goa,zone_169,4,11,"Zone (4,11)",15.519471428571428,73.80208571428571,0.42966787166726295,0.16631093036896902,0.4912100776381842,7842.021898520913,3,0.13725169621985286,4.5169273846755935,240.0,799.6182702297692,33.50532902393981,1.0,False,57.4811967918899,57.72512671395836,17.13268891783815,0.4783777594566345,57.959574551346535,0.2570491926455606,Low Risk,0.0,Cool & Resilient (Safe),2.351190238880797,1.472121220567594,0.7621626023430768
goa,zone_170,5,11,"Zone (5,11)",15.519471428571428,73.81065714285714,0.39019630775703573,0.17915390057437655,0.6378165884549244,6870.59839721678,3,0.13512060828526481,4.033499232874578,240.0,793.740043809454,34.001178224226464,2.0,False,60.072154120806346,62.28525527760605,18.52930790630801,2.4764397144317627,62.54859383523811,0.33333500893300655,Low Risk,1.0,Moderate Heat / Moderate Risk,6.911318802528484,2.8687402090374547,0.6075161277278772
goa,zone_171,6,11,"Zone (6,11)",15.519471428571428,73.81922857142857,0.486638970487772,0.1735299671683522,0.48829295446256205,7891.746495500635,3,0.12827290076335876,3.875071946096518,240.0,797.7607396571921,33.78138217723246,3.0,False,60.29992266742272,61.58433583949815,17.697896075371414,1.3775129318237305,61.67743559924645,0.2916524510657652,Low Risk,1.0,Moderate Heat / Moderate Risk,6.210399364420589,2.0373283781008595,0.6598356676104336
goa,zone_172,7,11,"Zone (7,11)",15.519471428571428,73.8278,0.6190487237776707,0.22342716511450542,0.3084758088684282,1261.5989893995643,2,0.11740292043949752,4.193011389141234,240.0,789.7918940934557,33.89850748621496,4.0,False,55.685909580033126,55.92293088361179,16.59252389666338,0.3862904906272888,56.072200070660415,0.2583538796217858,Low Risk,0.0,Cool & Resilient (Safe),0.5489944085342273,0.9319561993928254,0.7680244955226472
goa,zone_173,8,11,Saligao Canopy Forest Sec 2,15.519471428571428,73.83637142857143,0.6757400989110934,0.2079904743383411,0.328134048580216,2472.6019244163367,2,0.10767515035939562,3.9171997401292944,240.0,827.9076890767712,33.85786633989842,5.0,False,58.25856844176928,59.092061670899994,17.171537114041968,0.7718619704246521,59.03043041219393,0.2947677983227379,Low Risk,0.0,Cool & Resilient (Safe),3.718125195822431,1.5109694167714132,0.7215671795658615
goa,zone_174,9,11,Saligao Canopy Forest Sec 3,15.519471428571428,73.84494285714285,0.7368512751599976,0.21467665674378547,0.19427221391283064,1513.660917664927,2,0.10375328613131624,4.40690915955665,240.0,788.424886921626,33.58047415199499,6.0,False,53.71196298696369,53.69167540270631,16.15618691352236,0.05863625556230545,53.770599242525996,0.18749150505421966,Low Risk,0.0,Cool & Resilient (Safe),-1.6822610723712543,0.49561921625180716,0.8218566476524308
goa,zone_175,10,11,Saligao Canopy Forest Sec 1,15.519471428571428,73.85351428571428,0.6767337186966748,0.1905896236807062,0.3565814521507062,1175.3481636622294,2,0.10463171631155137,4.157962772788022,240.0,824.4349866726088,33.90462908499242,7.0,False,57.53218053087559,58.046100569418996,16.654069776230436,0.47130295634269714,58.00348348721829,0.24789536421010147,Low Risk,0.0,Cool & Resilient (Safe),2.672164094341433,0.9935020789598816,0.6980034355855335
goa,zone_176,11,11,"Zone (11,11)",15.519471428571428,73.86208571428571,0.6414974249626779,0.20624600031239046,0.39028456549046925,3231.4135993681316,2,0.10734544900981045,4.004282914148553,240.0,816.5880673640442,33.837367346164875,8.0,False,57.77274865277811,59.38805680589662,17.148234405492108,1.1660637855529785,58.93881243833109,0.30326344340311684,Low Risk,0.0,Cool & Resilient (Safe),4.014120330819054,1.4876667082215533,0.6598485116296112
goa,zone_177,12,11,"Zone (12,11)",15.519471428571428,73.87065714285714,0.6273967753032138,0.19869796842096096,0.3745533930274879,3189.2881168861463,2,0.11020186335403727,4.091027721951003,240.0,806.2117351669499,33.85736295508549,9.0,False,57.418052594916766,58.616441874348254,17.06004817981057,0.9550676941871643,58.37312028910393,0.2996301698921661,Low Risk,0.0,Cool & Resilient (Safe),3.2425053992706907,1.3994804825400138,0.6690829905592803
goa,zone_178,13,11,"Zone (13,11)",15.519471428571428,73.87922857142857,0.5788788712917364,0.2042830492782131,0.4096745133041508,3496.123755745721,2,0.11265154264972776,3.8735520772438194,240.0,800.7433489176134,34.00904984387941,10.0,False,58.761128523615234,60.08910337625925,17.832380744048894,1.1489017009735107,59.910030224588745,0.34814049294151145,Low Risk,1.0,Moderate Heat / Moderate Risk,4.715166901181689,2.1718130467783396,0.6288490968918772
goa,zone_179,14,11,"Zone (14,11)",15.519471428571428,73.8878,0.5329220964284228,0.20266601488737526,0.547330735497743,5893.783320024853,2,0.11462157600366195,3.749227915593762,240.0,792.3148860744172,34.0089968043375,11.0,False,59.62525533917386,61.55620019283823,18.280989166565963,2.008300542831421,61.63355588200528,0.40459150912518516,Medium Risk,1.0,Moderate Heat / Moderate Risk,6.182263717760669,2.620421469295408,0.5343356586489465
goa,zone_180,0,12,Water Body / Sea Area,15.526614285714285,73.7678,0.02,0.05,0.0,0.0,3,0.12970340753763254,5.8500000000000005,240.0,820.0,30.0,0.0,True,30.5,30.5,29.0,0.0,30.5,0.0,Water Body,-1.0,Open Water Body,-24.873936475077564,13.339432302729445,1.0
goa,zone_181,1,12,Water Body / Sea Area,15.526614285714285,73.77637142857142,0.02,0.05,0.0,0.0,3,0.13081857991998205,5.8500000000000005,240.0,820.0,30.0,0.0,True,30.5,30.5,29.0,0.0,30.5,0.0,Water Body,-1.0,Open Water Body,-24.873936475077564,13.339432302729445,1.0
goa,zone_182,2,12,Water Body / Sea Area,15.526614285714285,73.78494285714285,0.02,0.05,0.0,0.0,3,0.1318594608741167,5.8500000000000005,240.0,820.0,30.0,0.0,True,30.5,30.5,29.0,0.0,30.5,0.0,Water Body,-1.0,Open Water Body,-24.873936475077564,13.339432302729445,1.0
goa,zone_183,3,12,Water Body / Sea Area,15.526614285714285,73.79351428571428,0.02,0.05,0.0,0.0,3,0.1323171648747747,5.8500000000000005,240.0,820.0,30.0,0.0,True,30.5,30.5,29.0,0.0,30.5,0.0,Water Body,-1.0,Open Water Body,-24.873936475077564,13.339432302729445,1.0
goa,zone_184,4,12,"Zone (4,12)",15.526614285714285,73.80208571428571,0.43803945874686556,0.16153571844358303,0.46252568977923764,8980.567103670084,3,0.13131289244539013,4.412436263545274,240.0,801.8800733492661,33.595902885108835,1.0,False,58.22566970233366,58.32460187258698,17.21423448224726,0.42867040634155273,58.654340108675214,0.26053250619762003,Low Risk,0.0,Cool & Resilient (Safe),2.950665397509418,1.5536667849767056,0.7724071603164234
goa,zone_185,5,12,"Zone (5,12)",15.526614285714285,73.81065714285714,0.49689834059509985,0.1612124541838398,0.4618505065905897,6158.59906627302,3,0.12768805309734516,4.396584131532692,240.0,810.6451311215187,33.572752655058366,2.0,False,58.08320753118073,59.67889106811282,17.02855940170082,1.0493717193603516,59.132579250541085,0.2335988032628349,Low Risk,0.0,Cool & Resilient (Safe),4.304954593035255,1.367991704430267,0.737301436757019
goa,zone_186,6,12,"Zone (6,12)",15.526614285714285,73.81922857142857,0.5449011765474339,0.18123966333093838,0.4201202901115124,4054.867036403046,2,0.1206375802769541,4.289752947484003,240.0,789.5002808292427,33.61788598295829,3.0,False,56.95450231538267,56.86164643680323,16.790490099642966,0.16525186598300934,57.11975418136568,0.3085484430025091,Low Risk,0.0,Cool & Resilient (Safe),1.4877099617256633,1.1299224023724115,0.7283846663135624
goa,zone_187,7,12,"Zone (7,12)",15.526614285714285,73.8278,0.6589285831536947,0.2029783029223786,0.22710374384916915,4645.835903913062,2,0.11132581489422463,4.549381003735097,240.0,820.327399515689,33.58867767119771,4.0,False,54.92166600924402,54.77421180338436,16.0423769131663,-0.010295604355633259,54.91137040488839,0.24429563128408222,Low Risk,0.0,Cool & Resilient (Safe),-0.5997246716932025,0.38180921589574623,0.8406057088404602
goa,zone_188,8,12,Saligao Canopy Forest Sec 3,15.526614285714285,73.83637142857143,0.7090958708781446,0.21644773847996174,0.1977916056696608,1540.9387122667338,2,0.10373366074801663,3.772013347003117,240.0,803.327430163446,33.70660765330549,5.0,False,57.6101277414486,58.25752719583704,15.501256592257477,0.4735078513622284,58.08363559281083,0.21579130069425576,Low Risk,0.0,Cool & Resilient (Safe),2.8835907207594786,-0.159311105013078,0.790093552437116
goa,zone_189,9,12,Saligao Canopy Forest Sec 1,15.526614285714285,73.84494285714285,0.7517510035720174,0.20313066476873268,0.2563400475972284,2428.5668895624985,2,0.10105820067394841,4.044049629772119,240.0,807.1815744502367,33.88081306396695,6.0,False,56.55280409832695,56.043875925407086,16.233000476498695,-0.10689884424209595,56.445905254084856,0.21588570305830262,Low Risk,0.0,Cool & Resilient (Safe),0.6699394503295224,0.5724327792281407,0.7604253121228235
goa,zone_190,10,12,Saligao Canopy Forest Sec 2,15.526614285714285,73.85351428571428,0.7270067584000023,0.20794193234898373,0.16484178777566058,500.0,2,0.10245596720672005,4.368077274552764,240.0,799.7651072269623,33.50677522614537,7.0,False,54.410438211160304,54.70559162154411,15.469578354083739,0.23788966238498688,54.64832787354529,0.16440925068878728,Low Risk,0.0,Cool & Resilient (Safe),-0.6683448535334549,-0.19098934318681593,0.8270548676615436
goa,zone_191,11,12,"Zone (11,12)",15.526614285714285,73.86208571428571,0.6985041751247216,0.20977071910970693,0.3472905462557677,620.9768175643785,2,0.1054972234400117,3.8457999271009444,240.0,814.9417972534214,34.04776825243793,8.0,False,58.21429790938096,59.72372954038517,17.069257638124007,0.7463648915290833,58.96066280091004,0.275516883150985,Low Risk,0.0,Cool & Resilient (Safe),4.349793065307608,1.4086899408534528,0.6750793907005916
goa,zone_192,12,12,"Zone (12,12)",15.526614285714285,73.87065714285714,0.6419375216644189,0.19941923792289754,0.45549663227265935,3415.7925832923383,2,0.10865078433678034,3.7429602413815775,240.0,800.9072076019839,34.03642488383637,9.0,False,59.21699397856667,60.51060145750477,17.584384013774322,1.5542376041412354,60.771231582707905,0.33362080827346474,Low Risk,1.0,Moderate Heat / Moderate Risk,5.136664982427206,1.9238163165037676,0.5973125483075491
goa,zone_193,13,12,"Zone (13,12)",15.526614285714285,73.87922857142857,0.5827116799966753,0.19421060671432253,0.34265440208045755,2183.0148423552864,2,0.11136870036101085,4.072590198821022,240.0,789.2330169902873,33.940846538258356,10.0,False,57.6095769539954,58.27521405856356,17.500320903598915,0.6191128492355347,58.228689803230935,0.30338023896769695,Low Risk,0.0,Cool & Resilient (Safe),2.9012775834859994,1.8397532063283606,0.68233037173124
goa,zone_194,14,12,"Zone (14,12)",15.526614285714285,73.8878,0.5938724726517625,0.216553244179632,0.4029668318081348,2367.591731459766,2,0.11356619177170776,4.090022252585333,240.0,806.3890951600561,34.20215993076011,11.0,False,57.40563224379485,57.93593588287068,17.276246065626566,0.8790514469146729,58.28468369070952,0.3004747436340851,Low Risk,0.0,Cool & Resilient (Safe),2.5619994077931167,1.6156783683560114,0.6436736233288162
goa,zone_195,0,13,Water Body / Sea Area,15.533757142857143,73.7678,0.02,0.05,0.0,0.0,3,0.12886410904041815,5.8500000000000005,240.0,820.0,30.0,0.0,True,30.5,30.5,29.0,0.0,30.5,0.0,Water Body,-1.0,Open Water Body,-24.873936475077564,13.339432302729445,1.0
goa,zone_196,1,13,Water Body / Sea Area,15.533757142857143,73.77637142857142,0.02,0.05,0.0,0.0,3,0.1293535471786467,5.8500000000000005,240.0,820.0,30.0,0.0,True,30.5,30.5,29.0,0.0,30.5,0.0,Water Body,-1.0,Open Water Body,-24.873936475077564,13.339432302729445,1.0
goa,zone_197,2,13,Water Body / Sea Area,15.533757142857143,73.78494285714285,0.02,0.05,0.0,0.0,3,0.12952285025070007,5.8500000000000005,240.0,820.0,30.0,0.0,True,30.5,30.5,29.0,0.0,30.5,0.0,Water Body,-1.0,Open Water Body,-24.873936475077564,13.339432302729445,1.0
goa,zone_198,3,13,Water Body / Sea Area,15.533757142857143,73.79351428571428,0.02,0.05,0.0,0.0,3,0.1289484698437921,5.8500000000000005,240.0,820.0,30.0,0.0,True,30.5,30.5,29.0,0.0,30.5,0.0,Water Body,-1.0,Open Water Body,-24.873936475077564,13.339432302729445,1.0
goa,zone_199,4,13,"Zone (4,13)",15.533757142857143,73.80208571428571,0.5057174524557493,0.16919317072796,0.38594704940934954,5929.659121652828,3,0.12702778795092476,4.290568128055824,240.0,801.5667092558934,33.48142840029629,1.0,False,57.897592529547964,57.71510345134084,16.791296190934204,0.01601625606417656,57.91360878561214,0.20176466353374628,Low Risk,0.0,Cool & Resilient (Safe),2.341166976263274,1.13072849366365,0.8102298021723928
goa,zone_200,5,13,"Zone (5,13)",15.533757142857143,73.81065714285714,0.5502678700567025,0.18183151545685414,0.37595142030131484,5991.153097982951,2,0.1231322864620509,4.399774009484846,240.0,792.8526617582592,33.59980253944864,2.0,False,56.448074381472765,56.53029753761763,16.612506625869035,0.15389233827590942,56.601966719748674,0.32400345901676286,Low Risk,0.0,Cool & Resilient (Safe),1.1563610625400642,0.9519389285984801,0.7890535470607275
goa,zone_201,6,13,"Zone (6,13)",15.533757142857143,73.81922857142857,0.5708611674856712,0.20117613051451483,0.39294637936225363,2021.0856055466747,2,0.11710619572870219,4.10313549853049,240.0,815.0441393345117,33.74353265218134,3.0,False,57.87036126868091,58.50737415468543,16.226881040460253,0.8702147603034973,58.74057602898441,0.28059691894074246,Low Risk,0.0,Cool & Resilient (Safe),3.133437679607866,0.5663133431896981,0.7322478494995501
goa,zone_202,7,13,"Zone (7,13)",15.533757142857143,73.8278,0.6708196262331256,0.19962980315527645,0.3382230515476463,2579.5651747728134,2,0.11009475467303462,4.2243189649952475,240.0,799.3081928130946,33.605460347054255,4.0,False,55.91441532034135,55.965284798121935,16.82253837986326,0.23350240290164948,56.147917723243,0.2585144245495864,Low Risk,0.0,Cool & Resilient (Safe),0.5913483230443717,1.161970682592706,0.7522633216387171
goa,zone_203,8,13,Saligao Canopy Forest Sec 1,15.533757142857143,73.83637142857143,0.7381216562188545,0.20029021557150276,0.1655934165796441,500.0,2,0.10458408854829138,4.307381220880683,240.0,798.2151770172874,33.742390977751185,5.0,False,55.060026287936935,54.84095168022278,15.515248929218647,-0.12621212005615234,54.93381416788078,0.17289193546453618,Low Risk,0.0,Cool & Resilient (Safe),-0.5329847948547837,-0.1453187680519079,0.8451036574829638
goa,zone_204,9,13,Saligao Canopy Forest Sec 2,15.533757142857143,73.84494285714285,0.7456974578529822,0.19682527119574547,0.22292508896547145,3205.321592783034,2,0.10244271041189691,4.236219795285809,240.0,805.9600064234505,33.57432866714747,6.0,False,55.504253039148715,55.991517206955116,15.74075491793092,0.2655734717845917,55.76982651093331,0.21106790765480066,Low Risk,0.0,Cool & Resilient (Safe),0.6175807318775526,0.0801872206603651,0.793285631669457
goa,zone_205,10,13,Saligao Canopy Forest Sec 3,15.533757142857143,73.85351428571428,0.7311771782273668,0.22091359545177755,0.2731509422741745,1494.654214346451,2,0.1033265558130981,3.9810261864288434,240.0,823.2856536367849,33.655962693891134,7.0,False,56.63025783349956,56.98837444573387,16.53236786361413,0.3942636251449585,57.02452145864452,0.23247363560579012,Low Risk,0.0,Cool & Resilient (Safe),1.6144379706563043,0.8718001663435757,0.7362659690875072
goa,zone_206,11,13,"Zone (11,13)",15.533757142857143,73.86208571428571,0.7043857888524079,0.21936181542017233,0.3522532789828998,1360.2446749355881,2,0.10573381997414477,3.883514188106396,240.0,805.4352143299636,33.83695142296077,8.0,False,57.108505611164915,57.43463173138321,17.711847179829686,0.6579983830451965,57.76650399421011,0.278464016682324,Low Risk,0.0,Cool & Resilient (Safe),2.0606952563056495,2.0512794825591314,0.6746160351313424
goa,zone_207,12,13,"Zone (12,13)",15.533757142857143,73.87065714285714,0.6202087113093504,0.215999798248271,0.3379165230826489,2236.691246722146,2,0.1084752898950856,4.206480777789578,240.0,795.6257095691457,33.82777227880949,9.0,False,55.95889478562789,56.632400774846346,16.790923857733233,0.5129943490028381,56.47188913463073,0.2571315305635222,Low Risk,0.0,Cool & Resilient (Safe),1.2584642997687823,1.1303561604626786,0.6987619829154221
goa,zone_208,13,13,"Zone (13,13)",15.533757142857143,73.87922857142857,0.6016427035297339,0.20374539400221828,0.4267202624821904,5385.674186727911,2,0.11099108366434697,4.003836511791677,240.0,834.8904377278404,34.097666602345235,10.0,False,58.99869297305806,60.131683276027765,16.952699140441787,1.392534613609314,60.39122758666738,0.33457850699698544,Low Risk,1.0,Moderate Heat / Moderate Risk,4.757746800950201,1.2921314431712325,0.6273072763549107
goa,zone_209,14,13,"Zone (14,13)",15.533757142857143,73.8878,0.5587108514253125,0.1902953516548781,0.3859169764349067,6521.806788269958,2,0.1131153193736878,4.025199630555955,240.0,818.2062328779213,33.985001843832265,11.0,False,59.11793638733841,60.489269872300795,16.994062790975182,1.1790217161178589,60.29695810345627,0.35568916284720886,Medium Risk,1.0,Moderate Heat / Moderate Risk,5.115333397223232,1.3334950937046273,0.6495820284174612
goa,zone_210,0,14,Water Body / Sea Area,15.540899999999999,73.7678,0.02,0.05,0.0,0.0,3,0.1278991224539087,5.8500000000000005,240.0,820.0,30.0,0.0,True,30.5,30.5,29.0,0.0,30.5,0.0,Water Body,-1.0,Open Water Body,-24.873936475077564,13.339432302729445,1.0
goa,zone_211,1,14,Water Body / Sea Area,15.540899999999999,73.77637142857142,0.02,0.05,0.0,0.0,3,0.1279247806548256,5.8500000000000005,240.0,820.0,30.0,0.0,True,30.5,30.5,29.0,0.0,30.5,0.0,Water Body,-1.0,Open Water Body,-24.873936475077564,13.339432302729445,1.0
goa,zone_212,2,14,Water Body / Sea Area,15.540899999999999,73.78494285714285,0.02,0.05,0.0,0.0,3,0.12754556290711808,5.8500000000000005,240.0,820.0,30.0,0.0,True,30.5,30.5,29.0,0.0,30.5,0.0,Water Body,-1.0,Open Water Body,-24.873936475077564,13.339432302729445,1.0
goa,zone_213,3,14,Water Body / Sea Area,15.540899999999999,73.79351428571428,0.02,0.05,0.0,0.0,3,0.12645704685797313,5.8500000000000005,240.0,820.0,30.0,0.0,True,30.5,30.5,29.0,0.0,30.5,0.0,Water Body,-1.0,Open Water Body,-24.873936475077564,13.339432302729445,1.0
goa,zone_214,4,14,"Zone (4,14)",15.540899999999999,73.80208571428571,0.495741336993228,0.18488169015325284,0.3601928047092241,5886.814162701447,2,0.12430246395795198,4.417854405181176,240.0,812.317822496896,33.47825313980186,1.0,False,57.140360400317604,57.52481420408985,15.61274692634878,0.30905789136886597,57.44941829168647,0.30603046987276583,Low Risk,0.0,Cool & Resilient (Safe),2.1508777290122865,-0.04782077092177417,0.8341681008008249
goa,zone_215,5,14,"Zone (5,14)",15.540899999999999,73.81065714285714,0.5358620495580939,0.18471989339322237,0.43364922317217436,4588.88966660349,2,0.12082079896789928,4.2691075099168305,240.0,778.6092461735159,33.55087426406338,2.0,False,56.61867257864074,56.90579403312384,16.672830946359852,0.6272809505462646,57.245953529187005,0.3107987777324007,Low Risk,0.0,Cool & Resilient (Safe),1.5318575580462763,1.0122632490892975,0.7457237653670108
goa,zone_216,6,14,"Zone (6,14)",15.540899999999999,73.81922857142857,0.6470109299614268,0.2069601293004243,0.31569621081671,7503.680792896903,2,0.11615160091986555,4.322201271968659,240.0,827.7594231669408,33.70730872030454,3.0,False,56.26052690793668,56.67905508904733,15.802213381482273,0.3506077826023102,56.61113469053899,0.29608532460557835,Low Risk,0.0,Cool & Resilient (Safe),1.3051186139697677,0.14164568421171886,0.7932023355227542
goa,zone_217,7,14,"Zone (7,14)",15.540899999999999,73.8278,0.6382388703193489,0.20831555858030443,0.30627192301702727,2162.7247793198726,2,0.11115668209458153,4.217938021508111,240.0,809.0641850232541,33.65565817951211,4.0,False,56.227936709904235,56.79674167584432,16.97413460212715,0.555125892162323,56.78306260206656,0.2709234932424224,Low Risk,0.0,Cool & Resilient (Safe),1.42280520076676,1.3135669048565966,0.771008602524613
goa,zone_218,8,14,"Zone (8,14)",15.540899999999999,73.83637142857143,0.7104690997613964,0.21160639344182547,0.31872496221746605,3654.310365126309,2,0.107244415316806,4.258697730170983,240.0,812.4195265380339,33.74629305279275,5.0,False,55.51033808034105,55.23415037999753,16.19979610971248,0.014675956219434738,55.525014036560485,0.23401987124222232,Low Risk,0.0,Cool & Resilient (Safe),-0.1397860950800336,0.5392284124419255,0.7499791640529573
goa,zone_219,9,14,"Zone (9,14)",15.540899999999999,73.84494285714285,0.6850663749014767,0.2034996100123446,0.3211006636492937,500.0,2,0.10544533737535512,4.289676903508787,240.0,817.2192148909352,33.838852881871304,6.0,False,56.07191604668361,57.36555843780302,16.202208411205063,0.7020860314369202,56.77400207812053,0.2228452500088356,Low Risk,0.0,Cool & Resilient (Safe),1.9916219627254534,0.541640713934509,0.7379440940740288
goa,zone_220,10,14,"Zone (10,14)",15.540899999999999,73.85351428571428,0.6492924447199523,0.2092055861197291,0.38155597719329604,5310.404730047672,2,0.10570808042872533,4.004130660321655,240.0,810.2429657412565,33.894177785925244,7.0,False,57.47329475954011,58.518908587694625,16.982742664065455,1.1368471384048462,58.610141897944956,0.30375540048549754,Low Risk,0.0,Cool & Resilient (Safe),3.1449721126170616,1.3221749667949005,0.6727632463955552
goa,zone_221,11,14,"Zone (11,14)",15.540899999999999,73.86208571428571,0.7063282315491108,0.20719189202315033,0.30920990029678996,2530.1630877584307,2,0.10725478134954139,3.9472616407913907,240.0,807.5662514793482,33.83278590131344,8.0,False,57.25224781372661,56.92211480032091,16.993487875825604,0.6983532905578613,57.95060110428447,0.2658393827086955,Low Risk,0.0,Cool & Resilient (Safe),1.5481783252433488,1.3329201785550495,0.704691892522008
goa,zone_222,12,14,"Zone (12,14)",15.540899999999999,73.87065714285714,0.6123121331669343,0.19018422964346718,0.3745887292855144,6159.2733045498035,2,0.10929734966665572,4.041718623065674,240.0,822.7393640807556,33.962056670145394,9.0,False,58.7068963075934,60.418722558722344,17.50897217294757,1.1790217161178589,59.885918023711255,0.35723793940376436,Medium Risk,1.0,Moderate Heat / Moderate Risk,5.04478608364478,1.8484044756770146,0.6657745155454425
goa,zone_223,13,14,"Zone (13,14)",15.540899999999999,73.87922857142857,0.590352316395444,0.21522252610394316,0.4446362256837532,2231.5129202534017,2,0.11135047989718445,3.7063920593735253,240.0,781.7966995152748,33.87496131450419,10.0,False,58.480904597618974,59.83074849095417,18.220898291788924,1.4929006099700928,59.973805207589066,0.3422494289637844,Low Risk,0.0,Cool & Resilient (Safe),4.456812015876608,2.560330594518369,0.5967280682727628
goa,zone_224,14,14,"Zone (14,14)",15.540899999999999,73.8878,0.5516709940556039,0.20133582661383914,0.4345458131731157,5088.901369788808,2,0.11319854562409243,3.988810447242635,240.0,789.5699927917017,33.94146184802324,11.0,False,58.04991819114522,59.55557925353056,16.901808864331215,1.4367821216583252,59.48670031280354,0.33008764606511104,Low Risk,0.0,Cool & Resilient (Safe),4.181642778452996,1.241241167060661,0.6179787808203143
