zone_id,x,y,name,latitude,longitude,ndvi,albedo,isf,pop_density,income_level,elderly_ratio,wind_speed,wind_direction,solar_radiation,air_temperature,distance_to_river,lst_physics,lst_day_actual,lst_night_actual
zone_0,0,0,"Zone (0,0)",26.8,80.88,0.1667684556188868,0.1332550659485722,0.8549074170282007,25000.922403788423,2,0.127701632409278,2.2299495873969297,240.0,840.0427040812673,42.66124128130757,8.920097113225923,89.98632918497805,96.71121464650788,31.220609775138065
zone_1,1,0,"Zone (1,0)",26.8,80.89,0.1673114193045136,0.12951353140739277,0.8079979703121,22972.23345851096,2,0.12726488999501065,2.040377811168185,240.0,827.1989109811374,42.38104123683401,8.021727895855978,91.82920330031853,97.057132495027,31.35080967158004
zone_2,2,0,"Zone (2,0)",26.8,80.89999999999999,0.1391575383258884,0.11934449138950977,0.9108794449122108,22086.18298408636,2,0.1265022104539748,2.235752079168248,240.0,825.6738225617281,42.492809234675406,7.150391902611105,89.92766860688582,96.6362506846646,31.08642265946714
zone_3,3,0,"Zone (3,0)",26.8,80.91,0.1675739492965875,0.12681460333510292,0.8086583406371664,21184.37722735315,2,0.12513017914606472,2.636677506560128,240.0,844.2840607645853,42.300085795471595,6.293582852814652,85.26817220589749,91.07311623153143,29.992177973026845
zone_4,4,0,"Zone (4,0)",26.8,80.92,0.1700550887654781,0.11346442192027184,0.7600443973114318,21782.380945528348,2,0.12284111178539026,2.548976645835323,240.0,848.2717293301968,42.311032064710076,5.477151381845125,87.14455516158664,91.96764134611703,29.761900669370824
zone_5,5,0,"Zone (5,0)",26.8,80.92999999999999,0.16170449552775118,0.13058906970238687,0.8576311318928945,20983.486637251808,2,0.11915460032717254,2.0973931709921403,240.0,845.5050698906605,42.36825306821326,4.6933738279358135,92.05148280748617,97.50577230740369,31.34303830099727
zone_6,6,0,"Zone (6,0)",26.8,80.94,0.21122732062884209,0.14907200766038245,0.724367290671901,18382.18659461081,2,0.11336133781069095,2.6028604839332132,240.0,857.88329048166,42.15686099024655,3.954825379028822,84.66295105004153,88.69603804665874,29.212416855007287
zone_7,7,0,"Zone (7,0)",26.8,80.94999999999999,0.18344126359580948,0.15433186198213958,0.8302895479129594,16519.39399689005,2,0.10529443795592794,2.6367058524029643,240.0,847.0836201423061,42.21573527065337,3.272173714973886,83.78828371474161,88.7508611225168,30.446579531632647
zone_8,8,0,"Zone (8,0)",26.8,80.96,0.223174047473307,0.16766689524627193,0.6197751138982208,15599.726970796157,2,0.096885938539295,2.797634449815758,240.0,849.7398214838197,41.97418069718538,2.6359605990429547,81.0305466848207,82.85023799203458,28.423190897675216
zone_9,9,0,"Zone (9,0)",26.8,80.97,0.2472191011410685,0.1681617817687592,0.6658763278008643,11857.530609974243,2,0.09224676273483022,2.731881688736666,240.0,859.8554627537826,41.97899997191569,2.0458781229650134,81.92565876241662,84.19421523667076,28.528517949215477
zone_10,10,0,"Zone (10,0)",26.8,80.97999999999999,0.2605097137293527,0.1588784739330171,0.6297834973938073,12627.453336388618,2,0.0934039039131097,2.87115780726509,240.0,837.6543766333513,41.850020677263046,1.521259522878282,79.76455303129602,81.96067169205135,27.889515210629067
zone_11,11,0,"Zone (11,0)",26.8,80.99,0.2784110743731206,0.12711534765701518,0.6035667391052382,13352.0328069923,2,0.09789534745762757,2.943377654411034,240.0,851.8302063627094,41.7249711800156,0.983930929420183,80.96720642729213,83.48792360243087,27.549044364677112
zone_12,12,0,"Zone (12,0)",26.8,81.0,0.31307420673215663,0.13277406803745992,0.4904862894776554,14602.597554490636,2,0.1026577296510966,3.298029381560054,240.0,883.0510243878359,41.4310079566112,0.5643536578705545,78.30039012711347,79.25362250403491,26.369868386173692
zone_13,13,0,"Zone (13,0)",26.8,81.00999999999999,0.31799639151265396,0.1347493041002107,0.5620809297948169,16416.886645900297,2,0.1064571509107386,3.234061240410594,240.0,869.2963821983891,41.23431200947456,0.0,77.93341577223663,79.16274151347055,27.333179591177103
zone_14,14,0,"Zone (14,0)",26.8,81.02,0.2895341939526456,0.1293804598315097,0.613903853745514,14891.632503776926,2,0.10922915101245764,2.816084205973616,240.0,853.6738601832576,41.59419821629349,1.0,81.96971809528355,84.08067875320701,27.420398371407753
zone_15,0,1,"Zone (0,1)",26.80857142857143,80.88,0.18510843144857136,0.12602717424352386,0.797056089556925,24197.99149254266,2,0.12854204117473425,2.1490836300779597,240.0,847.2041314055366,42.56076548504974,8.5265953410585,91.66811159970491,96.65188323249768,31.171427958440503
zone_16,1,1,"Zone (1,1)",26.80857142857143,80.89,0.1589359932587515,0.14120925769821638,0.7844069704889216,20916.979551825872,2,0.1283012517982728,2.4380434695866953,240.0,848.4559400308193,42.428049607929545,7.598685269009582,87.20813161334029,92.61052491082299,30.34818281191532
zone_17,2,1,"Zone (2,1)",26.80857142857143,80.89999999999999,0.15900151901807785,0.13513400696495345,0.8020812488464103,25574.066340151792,2,0.127773990108048,2.427907541639227,240.0,832.7953900787314,42.47298925726863,6.685770930293307,86.86656511524095,92.2335015960653,31.199954908329477
zone_18,3,1,"Zone (3,1)",26.80857142857143,80.91,0.17905306877944877,0.1218087769149022,0.8446590399262801,23138.741870591126,2,0.12650535822238443,2.4563465604233086,240.0,861.8029320697831,42.40999637516968,5.786148879706392,88.55305470835728,94.15670487005615,30.526400967846254
zone_19,4,1,"Zone (4,1)",26.80857142857143,80.92,0.14446979871407645,0.12768472307241321,0.8482075618960948,22428.803663829218,2,0.12430016732916226,2.4859181827384154,240.0,842.808886195351,42.551369317284404,4.919008919411849,87.30568254482183,93.0100882577603,31.76600883543193
zone_20,5,1,"Zone (5,1)",26.80857142857143,80.92999999999999,0.18539874523288433,0.12124728590770928,0.7424274403057407,21768.12713672777,2,0.1206690821319538,2.4914317932663215,240.0,854.4731975674683,42.28176674661661,4.079369464807876,87.58342369281814,92.16413245190755,29.797560703621222
zone_21,6,1,"Zone (6,1)",26.80857142857143,80.94,0.16224352207316456,0.13074755519877687,0.8316503495068422,19491.59148639186,2,0.11398291991881143,2.2969552194411764,240.0,845.1391938802108,42.32124772968545,3.28186139746082,89.22596482622524,93.92178612929074,30.58117244392576
zone_22,7,1,"Zone (7,1)",26.80857142857143,80.94999999999999,0.21732269084415387,0.1329728242291222,0.7427075577132465,16926.70744166897,2,0.10270836618226319,2.8201251997389543,240.0,857.8588879809662,41.96398215455869,2.5411412674705467,82.93832958355017,86.31459242535523,29.284595087090988
zone_23,8,1,Vrindavan Yojana (New Dev) Sec 1,26.80857142857143,80.96,0.24824885209517605,0.15911885637164627,0.834737856150991,13372.335699531252,2,0.08901965459891939,2.814748721164763,240.0,852.8115519642885,42.18750427848499,1.8655770730920103,81.42529557112232,85.38634601054358,29.321753828876034
zone_24,9,1,Vrindavan Yojana (New Dev) Sec 2,26.80857142857143,80.97,0.2422162183527625,0.15327217789711542,0.6466778505616414,10773.764381837154,2,0.08174473062748668,3.3119403346249587,240.0,832.8735226493702,41.85561869745845,1.2305170534935623,76.22914108091105,77.38717399097118,27.1530463662118
zone_25,10,1,Vrindavan Yojana (New Dev) Sec 3,26.80857142857143,80.97999999999999,0.30342423072356817,0.1478133783442743,0.5398663325546649,10297.717945974697,2,0.08577910356459349,3.303154146436815,240.0,848.9422150504234,41.563620681465956,0.6948872687298381,76.38935493882359,77.19922306665609,26.200147588440007
zone_26,11,1,"Zone (11,1)",26.80857142857143,80.99,0.35958175716942975,0.14026839235757377,0.41774691469099523,13206.58880025079,2,0.09427817016287697,3.3884054840882714,240.0,870.1434691015585,41.16649422552848,0.14291442278624875,76.02625580648102,75.97951252851696,25.698270792463475
zone_27,12,1,"Zone (12,1)",26.80857142857143,81.0,0.335430984758874,0.12162372367183316,0.5248454657514079,13402.336919078265,2,0.10136640103662904,3.188005693771461,240.0,874.561341909749,41.496480729698696,0.4290772638549131,79.27095529018487,79.50582486190368,26.777748471460946
zone_28,13,1,"Zone (13,1)",26.80857142857143,81.00999999999999,0.3549928542836963,0.14678765833772528,0.4787234510122986,14133.813814249797,2,0.10612781586812697,3.4165805195953904,240.0,851.8594734992711,41.55613597167821,0.8796000545902746,75.22523713142697,76.49264909703054,25.87055116915028
zone_29,14,1,"Zone (14,1)",26.80857142857143,81.02,0.3031280019065589,0.10775877845073392,0.5707008856382406,14963.958662078163,2,0.1092296825055499,2.828024100400197,240.0,871.2132740712337,41.58745035536007,1.4142135623730951,83.63393566722482,85.27161626611377,27.70020972335003
zone_30,0,2,"Zone (0,2)",26.81714285714286,80.88,0.18117133612628897,0.11904710387760181,0.8597431091749741,23206.042398077956,2,0.12926543550413538,2.119792645586491,240.0,846.7923379389339,42.52166647504767,8.214273651113297,92.46612534749246,98.43909514194897,31.390464565770465
zone_31,1,2,Alambagh (Industrial/Res) Sec 1,26.81714285714286,80.89,0.14521471259108595,0.13475368395081028,0.8730470307959918,25460.395279074186,2,0.12917629720685397,2.0803735798512037,240.0,862.916264391539,42.308589077836196,7.259103449855087,93.16014975663388,99.64993908832912,31.884999408567012
zone_32,2,2,Alambagh (Industrial/Res) Sec 2,26.81714285714286,80.89999999999999,0.16015528948359006,0.12644549697875215,0.8194842277747533,22253.91102555486,2,0.12895642653336187,2.2579627792299286,240.0,852.4387149481211,42.45489279404693,6.306917434433874,90.5430550365868,95.8747337118284,31.28522384794068
zone_33,3,2,Alambagh (Industrial/Res) Sec 3,26.81714285714286,80.91,0.15886389003657647,0.13582823111036088,0.8487989777607906,21577.606200878596,2,0.1275939683875731,2.2587701802361155,240.0,850.1257810297578,42.486143608498544,5.367904361300478,89.9143512312491,95.70574561689304,31.05062740697644
zone_34,4,2,"Zone (4,2)",26.81714285714286,80.92,0.1785060466608973,0.11639538664867524,0.8181144197640753,22165.05441633015,2,0.1254269807229848,2.3857979564299074,240.0,854.9907340502526,42.42954065156594,4.453193613052167,89.38778882905088,95.18130395797854,31.091506765480464
zone_35,5,2,"Zone (5,2)",26.81714285714286,80.92999999999999,0.16703767108341633,0.12893911255702564,0.7843117468457059,22332.909161049723,2,0.12284411787528962,2.4953289150157345,240.0,846.4602427887162,42.30741026912046,3.551185616255663,86.88722595093483,91.47053723614023,31.0267465533363
zone_36,6,2,"Zone (6,2)",26.81714285714286,80.94,0.17293855762950544,0.11546654369055522,0.8222143014879223,21325.276135319862,2,0.11686927817577686,2.6456530259450832,240.0,850.1060258271742,42.21251741344709,2.688627689810848,85.91200897640552,90.51855337042345,30.099850472054694
zone_37,7,2,"Zone (7,2)",26.81714285714286,80.94999999999999,0.21275836531835812,0.1479123162336415,0.710488069294461,15311.624572008772,2,0.1040933124827216,2.734025593486763,240.0,852.8678394937999,41.91823312052845,1.8744253987646726,82.82792608546663,85.58190918419879,28.889320033169973
zone_38,8,2,Vrindavan Yojana (New Dev) Sec 2,26.81714285714286,80.96,0.26207224445931104,0.14534192609367264,0.6235866714502409,12104.83670867329,2,0.08578982690103122,2.7937012200349454,240.0,838.4875487124239,41.66712864033123,1.1287843478154571,81.00283056900007,82.6880157628491,27.879378726824125
zone_39,9,2,Vrindavan Yojana (New Dev) Sec 3,26.81714285714286,80.97,0.3121540040764697,0.16060765016441908,0.5563178340861198,9207.976971367663,2,0.0755718380459317,3.0939079312018665,240.0,855.3368839402868,41.471352226937334,0.45319284319738956,77.64165234597401,78.40742614891967,26.237741899301383
zone_40,10,2,Vrindavan Yojana (New Dev) Sec 1,26.81714285714286,80.97999999999999,0.3086437088633532,0.159926907956252,0.5530569688147534,11206.89725020238,2,0.08268567713030939,3.398492014396778,240.0,851.6532886532925,41.47168339004611,0.2829419696157931,75.09818342367221,75.76111775461564,26.253324064680587
zone_41,11,2,"Zone (11,2)",26.81714285714286,80.99,0.28414641535121055,0.14300949912846675,0.6237229597716556,14832.83320745932,2,0.09432977305535216,3.2429238771122697,240.0,874.0880143451627,41.57412982729343,0.7292128177208052,78.3177965830753,80.50442905015666,27.27756122035203
zone_42,12,2,"Zone (12,2)",26.81714285714286,81.0,0.3441275399324677,0.1356597944471566,0.531460282030535,13004.018794845932,2,0.10235553416758658,2.7705710820114167,240.0,851.3581973738487,41.577448115749185,1.2542984639626311,81.53180205542408,82.92476876060336,27.372008642829037
zone_43,13,2,"Zone (13,2)",26.81714285714286,81.00999999999999,0.33647266337424486,0.15505025463985114,0.5661366295592651,13263.199517861736,2,0.10706988256955945,3.0360591750995667,240.0,841.8876562291858,41.966165507576584,1.755820969881221,78.11628542159643,80.45401717367714,27.154261167394406
zone_44,14,2,"Zone (14,2)",26.81714285714286,81.02,0.2613809811604314,0.1609022832001287,0.6727111670597933,16939.453943225384,2,0.10993571411682158,2.5344727199121198,240.0,844.4069584198314,41.980704394605326,2.23606797749979,83.53401712055661,86.66138312744587,28.75299525449561
zone_45,0,3,"Zone (0,3)",26.825714285714287,80.88,0.163605255729726,0.12200141375460176,0.8245573972638329,23591.60445667151,2,0.12988311051862778,2.386419767403129,240.0,850.8356233012803,42.34424644030301,7.988643960028619,88.88710919821656,94.10270106000004,31.428613306509448
zone_46,1,3,Alambagh (Industrial/Res) Sec 2,26.825714285714287,80.89,0.15956394114893993,0.12614800724741812,0.8933926478149758,23371.41891157179,2,0.12967200958081393,2.424772092360722,240.0,841.365908310242,42.729668689562246,7.008791217055153,88.09338800316169,95.45738077391218,31.130491360510344
zone_47,2,3,Alambagh (Industrial/Res) Sec 3,26.825714285714287,80.89999999999999,0.1761838681488432,0.1401447519933312,0.8651082306615652,21611.453455826857,2,0.12957975352210355,2.4057367059435357,240.0,852.519482719387,42.29050572286685,6.028552529802931,87.58790329711158,93.09199257060382,30.20178614084711
zone_48,3,3,Alambagh (Industrial/Res) Sec 1,26.825714285714287,80.91,0.14221075687334683,0.13134436347646072,0.8980333759792039,23007.520010447657,2,0.12761789792833528,2.5443624133058678,240.0,826.6855168747661,42.30143434467264,5.056059422605433,85.36619301630496,91.7753837771337,31.160534033467304
zone_49,4,3,Charbagh (Station) Sec 2,26.825714285714287,80.92,0.13777438135439998,0.09255280124460726,0.8295269095487489,20548.521992846847,2,0.12490860584231978,2.526761583717052,240.0,847.1667984408236,42.24606347273862,4.096831478745622,88.6514304385051,93.7553894658927,30.13851259483457
zone_50,5,3,Charbagh (Station) Sec 3,26.825714285714287,80.92999999999999,0.15495408856616003,0.12222576616040971,0.7629774877745532,23451.94887386142,2,0.12494112832445728,2.493336607234581,240.0,838.5002622152962,42.17745991303606,3.1446425308251076,86.81392560987587,91.110092256562,30.043802836543726
zone_51,6,3,"Zone (6,3)",26.825714285714287,80.94,0.1668964595694183,0.13733670549447288,0.7727788641191057,20794.662535263924,2,0.12207361551256941,2.6958391568785762,240.0,844.8744494818511,42.075983178907755,2.2194518138443247,83.91309898971782,88.51450792256901,29.940226995904112
zone_52,7,3,"Zone (7,3)",26.825714285714287,80.94999999999999,0.22413713169511576,0.11991213268444528,0.6763922204579337,15282.333293460866,2,0.11200714957646796,2.6869944802153842,240.0,863.9074849742963,42.0043350094416,1.319969584526361,85.27993088062892,87.75062214809003,28.694536230145776
zone_53,8,3,Vrindavan Yojana (New Dev) Sec 3,26.825714285714287,80.96,0.28574195933338425,0.16476177700834524,0.6365398967613979,14118.567830177317,2,0.0964927786115631,2.997083664804375,240.0,835.9277813399228,41.6308548244332,0.5062873876808682,77.84227907142596,79.17003181597043,26.891873885833448
zone_54,9,3,Vrindavan Yojana (New Dev) Sec 1,26.825714285714287,80.97,0.28368312315832295,0.13021481088794146,0.6508448944615151,12985.668429885729,2,0.0869871857062027,3.178965276848622,240.0,866.1622660325936,41.57964324927557,0.30151163576969525,79.12380412921021,80.25282316105708,27.620284530706908
zone_55,10,3,Vrindavan Yojana (New Dev) Sec 2,26.825714285714287,80.97999999999999,0.29834365583624156,0.13695729672021265,0.5920595603042214,10841.614303114804,2,0.09170032399409353,2.8733839287409833,240.0,863.2111548219307,41.85750254048571,0.9645671001045577,81.65708424745641,82.37462061920967,27.495887187079095
zone_56,11,3,"Zone (11,3)",26.825714285714287,80.99,0.2819780463456771,0.14398392134255308,0.6139548005146912,11931.052992759682,2,0.10028740831033446,2.948296313855681,240.0,844.6764876132431,41.8351439969552,1.5599423756026087,79.8746327117837,81.76983449709833,27.558649528768534
zone_57,12,3,"Zone (12,3)",26.825714285714287,81.0,0.28228283669535015,0.1447356657664699,0.6833662173682239,14630.329865728445,2,0.10591034843807436,2.6323517229982403,240.0,850.9252094900903,42.05082300000861,2.107345306972379,83.5095726907308,85.68681471367637,28.81149904969409
zone_58,13,3,"Zone (13,3)",26.825714285714287,81.00999999999999,0.2859427841545487,0.15766317929423215,0.6310444641254932,11666.630625254496,2,0.10914419673957845,2.529004890274346,240.0,852.714893045092,42.00331955134536,2.62539423969317,83.98811808773463,86.00681193462805,28.65583625713498
zone_59,14,3,"Zone (14,3)",26.825714285714287,81.02,0.2619256555959956,0.1523051086293627,0.6463586333807234,13837.819418550895,2,0.1111969425114064,2.7139884674858923,240.0,842.9560864784086,42.00637446945905,3.1076468411790263,82.01235581836713,85.34261379604943,28.385441080762117
zone_60,0,4,"Zone (0,4)",26.834285714285716,80.88,0.16635369080595586,0.11962483486924434,0.8483537392924493,25967.568305362154,2,0.13074554940403282,1.9136824010704634,240.0,834.7034829164276,42.5411464357719,7.852960073674766,95.003308033256,101.27968633519143,31.869858635201464
zone_61,1,4,Alambagh (Industrial/Res) Sec 3,26.834285714285716,80.89,0.1377487071747321,0.13156808775834258,0.8463634789394526,25329.088130208125,2,0.1302015721755844,2.3417598939237,240.0,846.136033547416,42.422924614274386,6.856416629439677,88.96865183450618,94.98998701766251,31.11874606919651
zone_62,2,4,Alambagh (Industrial/Res) Sec 1,26.834285714285716,80.89999999999999,0.1570917978254398,0.12396739696431658,0.840110542379244,26529.928098220447,2,0.1295259086215732,2.4664843864295882,240.0,839.7749008136348,42.551514554691906,5.860488274510008,87.46426671794342,93.49910208697443,30.36207313959207
zone_63,3,4,Charbagh (Station) Sec 2,26.834285714285716,80.91,0.11493256350019346,0.09794283508367854,0.8495907922732607,23111.12965028758,2,0.12695324621469214,2.6141431354413394,240.0,845.8872788776181,42.383379671900926,4.866230228306264,87.60559115789263,93.87394719911825,30.02439931065922
zone_64,4,4,Charbagh (Station) Sec 3,26.834285714285716,80.92,0.1304039294787327,0.11343223963256734,0.7786145133591631,24025.732287228046,2,0.12367448487745417,2.5485294452600895,240.0,841.5880822731888,42.327812363543444,3.874928445028886,87.14863297387613,93.29043590751361,30.522067970984736
zone_65,5,4,Charbagh (Station) Sec 1,26.834285714285716,80.92999999999999,0.1533839675303406,0.10117446792125188,0.7654038179413554,25302.50001184059,2,0.12805300147377421,2.4661668286844853,240.0,847.0378943827743,42.11888715818798,2.889627012835104,88.66868305099294,93.77422861921491,30.464805900161952
zone_66,6,4,"Zone (6,4)",26.834285714285716,80.94,0.2076986871837359,0.10367153305013696,0.711673550104324,22890.728674495196,2,0.1290987001388105,2.708723049806169,240.0,852.4593687258583,42.0572657068553,1.9113299439029847,85.4833497323115,88.92501933434818,29.620857436072853
zone_67,7,4,"Zone (7,4)",26.834285714285716,80.94999999999999,0.2661119099362915,0.11636532475843024,0.7057467907454514,20644.412187449776,2,0.12274550274752967,2.773335425244807,240.0,831.1599387181574,41.946030543667035,0.9345980070511846,82.50724118296382,85.90908479250608,28.567157020986162
zone_68,8,4,"Zone (8,4)",26.834285714285716,80.96,0.3075076187899316,0.10203100969392016,0.6414340126589608,18462.49333432952,2,0.11309236647408467,3.2920748462701948,240.0,859.0345696819926,41.52375001710693,0.018594853651363152,78.85552445889944,80.67928715769298,26.746348456752408
zone_69,9,4,"Zone (9,4)",26.834285714285716,80.97,0.301850257040535,0.15385839308038352,0.6481907473199928,17866.30314529673,2,0.10624111215666585,2.9508149314605103,240.0,841.5835589153345,41.71177928485045,0.9210062885738761,78.95720355902237,81.3622247487173,28.242968463945832
zone_70,10,4,"Zone (10,4)",26.834285714285716,80.97999999999999,0.2690863549649462,0.1622286833026912,0.6487583014601334,13416.005955857825,2,0.10592252418605559,2.72602852677835,240.0,834.9060680170966,41.95637353944563,1.7051875055652583,80.91091076788477,83.32259226896016,27.76246294933706
zone_71,11,4,"Zone (11,4)",26.834285714285716,80.99,0.2928197768176663,0.15005384863550966,0.7159558838016122,13015.198514257481,3,0.10820849024643696,2.48191236926673,240.0,846.0405104718695,42.02262030149492,2.3761187044004455,84.55626573346478,86.48782032896315,28.85385919947563
zone_72,12,4,"Zone (12,4)",26.834285714285716,81.0,0.3149325968918511,0.163273463119263,0.7129993456671783,15143.927351698929,3,0.1100060843842138,2.606581035876386,240.0,837.5627697032274,42.36746158851875,2.953555737356409,82.23663312983702,85.75731239258276,28.91269452562471
zone_73,13,4,"Zone (13,4)",26.834285714285716,81.00999999999999,0.3100040799791559,0.1591360456437516,0.6470133545866634,13084.659953835722,3,0.11141564146791252,2.5917596627820676,240.0,851.2038796960269,42.023630087285426,3.4852687470424684,82.95830230767292,85.53858596999531,28.642861729988148
zone_74,14,4,"Zone (14,4)",26.834285714285716,81.02,0.2962313685123467,0.1723619412329865,0.5671997361769334,16125.573349261282,3,0.11259565351907226,2.914476290223143,240.0,834.3093092841335,41.983543708137624,3.9798052861082165,78.41523053758505,80.97125433325805,27.686631339770617
zone_75,0,5,"Zone (0,5)",26.842857142857145,80.88,0.13254603776665477,0.11745521980856845,0.9309406464064636,25897.690909486526,2,0.13235869313636967,2.3833017859476264,240.0,846.2553321985479,42.46900155289229,7.807348858892132,89.31036098749588,96.34972917459218,31.85557325390076
zone_76,1,5,"Zone (1,5)",26.842857142857145,80.89,0.12148352681594815,0.13383596821786853,0.859052004358494,23892.820215934218,2,0.13191361528157716,2.3970468324782503,240.0,846.6443449230867,42.44222470651905,6.8075408683238345,88.3383103474874,95.09764593245289,30.845511148106254
zone_77,2,5,"Zone (2,5)",26.842857142857145,80.89999999999999,0.15409432839220946,0.12833090410491702,0.8188286906405577,25072.544495911083,2,0.1315237765195434,2.1736188214630374,240.0,853.2118078038844,42.38573022368612,5.807798993022588,91.62335800202385,97.2491026678248,31.586838949625825
zone_78,3,5,Charbagh (Station) Sec 3,26.842857142857145,80.91,0.1194002513184522,0.10024574797773207,0.7964152384044276,25876.732230988964,2,0.13119268529377145,2.23285369457214,240.0,862.5056713300489,42.1306021808374,4.808164474392399,92.99369404459648,99.36585588075677,31.20067541911752
zone_79,4,5,Charbagh (Station) Sec 1,26.842857142857145,80.92,0.12843927835464797,0.10088654167227801,0.8548336380110442,26269.015578558556,2,0.13334519655752924,2.5824417581748595,240.0,843.5295964141345,42.36647039131469,3.808721843645725,87.5625377843553,93.47860160343194,30.875720141991575
zone_80,5,5,Aminabad (Market) Sec 2,26.842857142857145,80.92999999999999,0.14757197160419336,0.08388691234267918,0.7497476988764641,30670.64284198927,2,0.14062792035300742,2.6459279270314933,240.0,845.1712678859088,42.14152509790435,2.8096758801895714,87.40187558462573,92.78364441116673,30.213935960777647
zone_81,6,5,Aminabad (Market) Sec 3,26.842857142857145,80.94,0.16241802697964122,0.10399241656692293,0.7257746289256208,28740.40237738686,2,0.13860848419689978,2.5193311842483572,240.0,858.357472700529,42.030602993671316,1.811682925120728,88.31968667513355,92.91691919079065,30.381592709071878
zone_82,7,5,"Zone (7,5)",26.842857142857145,80.94999999999999,0.2676144965600586,0.11436854642700017,0.5506356998801056,22623.356992400102,2,0.13196859347925258,3.0661776791149693,240.0,856.0329397073837,41.63591629226799,0.818603378095248,80.61205262996504,82.37203353086502,27.697366056111132
zone_83,8,5,"Zone (8,5)",26.842857142857145,80.96,0.2747587670580891,0.10189937860452375,0.5327478889333892,19684.40273413299,2,0.12478300252637761,3.127113140936649,240.0,846.8003603571576,41.51811817899635,0.24078353805762318,80.03272716687887,80.8960762803576,27.928345382802423
zone_84,9,5,"Zone (9,5)",26.842857142857145,80.97,0.3122030856619238,0.1332795010645053,0.5607320449666863,18417.983109596225,3,0.11777015906432967,2.9801974125770667,240.0,856.5478881679195,41.93432393091148,1.2023430751551536,80.46085792947555,82.40098272604075,27.950927477796274
zone_85,10,5,Gomti Nagar (Planned) Sec 1,26.842857142857145,80.97999999999999,0.324675866575939,0.15003198132627898,0.6839006939017613,12925.418897473939,3,0.11328853360397327,3.0379276529174075,240.0,856.9858888228772,41.93240500870485,2.1984724306999066,79.05085581956868,82.14300608262785,28.320104819676732
zone_86,11,5,Gomti Nagar (Planned) Sec 2,26.842857142857145,80.99,0.3749809088327056,0.14557288993602602,0.5528442816633934,11580.260702021313,3,0.11167579058340728,2.799459110016826,240.0,861.8815725823174,41.951373518244566,3.1184001654321434,81.34155983120488,82.76404429806496,27.75543936699949
zone_87,12,5,Gomti Nagar (Planned) Sec 3,26.842857142857145,81.0,0.36070021958311727,0.16848495184751333,0.64932627811728,13566.871762859802,3,0.11201405183496652,2.718723480775779,240.0,850.7279866482532,41.93600354000627,3.769857296587397,80.6094969344837,83.82515298775354,28.476067490902473
zone_88,13,5,"Zone (13,5)",26.842857142857145,81.00999999999999,0.3308398175514328,0.14895405495447786,0.5994071430187536,14921.436194085547,3,0.11295025295900099,2.66412154174574,240.0,860.4410926809011,42.080729594230306,4.332709834613491,83.02280317606991,85.9211547918779,28.799024684121967
zone_89,14,5,"Zone (14,5)",26.842857142857145,81.02,0.2994978079717396,0.1617035177133328,0.6604336506069689,13499.150333432299,3,0.11376977516496084,2.5290186521230447,240.0,853.1622570896304,42.129565359238875,4.847457011324952,83.80739913133257,87.64431084948382,28.632498213573356
zone_90,0,6,"Zone (0,6)",26.85142857142857,80.88,0.14497071399962658,0.12141907396489214,0.9043893499678446,25749.257753864073,2,0.13489904552340287,2.387295549791926,240.0,825.3512648710451,42.56653730571272,7.17082574174457,87.88926421347442,95.21745574271591,31.526373318296688
zone_91,1,6,"Zone (1,6)",26.85142857142857,80.89,0.16634534379931726,0.11868334956926821,0.8796516787919071,29087.902201420875,2,0.134893269617423,2.215707669106843,240.0,836.8403009191484,42.64557712884233,6.67763879963822,90.80347846766551,98.45129333661409,31.513891528327584
zone_92,2,6,"Zone (2,6)",26.85142857142857,80.89999999999999,0.13250516590448766,0.1173231621403976,0.7993037201956995,24758.95517796534,2,0.13535949042690548,2.231028550146363,240.0,837.152660660348,42.37882614371781,5.856245581751604,90.7058661115255,96.4538931548557,31.655802419765514
zone_93,3,6,"Zone (3,6)",26.85142857142857,80.91,0.11543972009034759,0.1237180469005992,0.8545483245098076,27500.78665410347,2,0.13768434190033677,2.458541609071736,240.0,831.1726535059455,42.449286155332445,4.861996727121876,87.3550630906148,93.78646099592372,31.42572159940307
zone_94,4,6,Aminabad (Market) Sec 2,26.85142857142857,80.92,0.13282473789957813,0.12892703679479958,0.8097738137081664,30561.495780698453,2,0.14504128062652796,2.3696721111348875,240.0,838.8151810052382,42.237900002267395,3.870712083751839,88.21613065539029,94.7819440635105,31.677381316735882
zone_95,5,6,Aminabad (Market) Sec 3,26.85142857142857,80.92999999999999,0.11387750142796067,0.08627687518018282,0.8576071704913687,34341.59337010199,2,0.15275165383585662,2.5870701435056698,240.0,844.2945147068929,42.12490379129724,2.8815125140447297,88.183129368103,95.52671402039879,31.909931389784923
zone_96,6,6,Aminabad (Market) Sec 1,26.85142857142857,80.94,0.1572201064644269,0.09618755147246554,0.7837564592865371,30798.55523988345,2,0.14451685909330472,2.7967506725161737,240.0,865.6167611790557,42.047036762378276,1.8890444964348907,85.99623103890222,90.87147741418723,29.670833114728836
zone_97,7,6,Hazratganj (CBD) Sec 2,26.85142857142857,80.94999999999999,0.20703832951920584,0.1025484566136035,0.7606420347077875,25013.512540136748,3,0.13744394976201418,2.9368595155462764,240.0,846.3675215121298,41.97639936732099,0.9131614591218368,82.79842066482041,87.92036092331051,28.886623545179276
zone_98,8,6,Hazratganj (CBD) Sec 3,26.85142857142857,80.96,0.2768868936812349,0.11115161582175423,0.6052428885149239,25597.638397123766,3,0.1318693756274685,3.38382853873628,240.0,849.7763919974727,41.51124560321304,0.08224001611973542,77.55082414187669,80.23169318934995,27.59766659675736
zone_99,9,6,"Zone (9,6)",26.85142857142857,80.97,0.32150866197534805,0.1378104956074821,0.6272988518058313,20375.298529851672,3,0.12351515725957037,3.117208088244703,240.0,850.7276697173749,41.74495367168155,1.065080167744001,78.48592783455466,81.57282476057273,27.45063901110518
zone_100,10,6,Gomti Nagar (Planned) Sec 2,26.85142857142857,80.97999999999999,0.37484766041655626,0.14725495838623948,0.5601339547838441,15127.04165298604,3,0.11525910865231226,2.95421177866904,240.0,855.8184714710724,41.683278183818665,2.0460891146631264,79.21800647438586,81.61579006907468,27.693256576233612
zone_101,11,6,Gomti Nagar (Planned) Sec 3,26.85142857142857,80.99,0.43887023368845496,0.16167595605629947,0.5251549183617061,10988.368128922679,3,0.11145792112486393,3.0870624090335252,240.0,855.9402282682154,41.91947012897697,3.0243702310875378,77.0402308002436,79.08940890078719,27.01579849863925
zone_102,12,6,Gomti Nagar (Planned) Sec 1,26.85142857142857,81.0,0.3575867233369272,0.1677746707053124,0.655204753260224,10044.847654821213,3,0.11252540656718826,2.6469363589225257,240.0,844.1697827071584,42.24493013535281,4.010811403375497,81.4146739473457,83.51251101059569,28.14107884828465
zone_103,13,6,"Zone (13,6)",26.85142857142857,81.00999999999999,0.3414750442362172,0.17994124089251037,0.6355435487212151,12210.936911439916,3,0.11399434525803587,2.8789055677131175,240.0,837.5559448521041,41.934230880938664,4.993714388967936,78.09168788532602,81.27056905890619,28.09044299106613
zone_104,14,6,"Zone (14,6)",26.85142857142857,81.02,0.2959384980553021,0.17017633260675896,0.698512581019672,13119.633394378152,3,0.11472127060803419,2.3072253133286615,240.0,857.9900197179359,42.32163015114814,5.706801025941694,86.4403041052165,90.02973307636222,30.057222432892786
zone_105,0,7,"Zone (0,7)",26.86,80.88,0.12893131919053544,0.1072943967993743,0.8313163184748174,26623.645244718336,2,0.13843427055554205,2.369832184916728,240.0,841.0097214085448,42.46837957761109,6.2985300201098005,89.77017196066974,95.37764109083844,31.755076266709548
zone_106,1,7,"Zone (1,7)",26.86,80.89,0.14649282522887558,0.13172207252179008,0.8525332798942513,27690.57340327102,2,0.13884066294631098,2.408936665123836,240.0,846.965621284826,42.50900336528929,5.809877870079946,88.17892013405339,95.22927049064796,31.35977724351902
zone_107,2,7,"Zone (2,7)",26.86,80.89999999999999,0.16017047689500533,0.11727525955134475,0.8795200707350859,26421.701714950606,2,0.1392908552032949,2.580620670982061,240.0,840.8995373812128,42.31680448940157,5.312612234528555,86.28483648487868,92.91865924507078,30.838472857823554
zone_108,3,7,"Zone (3,7)",26.86,80.91,0.15929332783675304,0.10817616637532777,0.800689831238482,25631.987296820476,2,0.14085811814990726,2.3536187936384656,240.0,820.5308541592173,42.18420016262468,4.7797941537731266,88.24133629938667,94.20740739368645,31.159356507003228
zone_109,4,7,Aminabad (Market) Sec 3,26.86,80.92,0.14635282487697265,0.09926341501715888,0.8219067996874877,30571.94915181643,2,0.14472838513696942,2.264813260650388,240.0,858.870083831422,42.4149208090033,4.037640732554877,92.43921607535117,98.52299389504218,31.34290588308121
zone_110,5,7,Aminabad (Market) Sec 1,26.86,80.92999999999999,0.1485603357211519,0.08353343393483781,0.7974189482448477,30636.317728982936,2,0.14711677431625603,2.3920270870584743,240.0,842.1025633483671,42.40129208000183,3.0585335680040573,90.59880805454762,96.62411575906039,30.738116741301496
zone_111,6,7,Hazratganj (CBD) Sec 2,26.86,80.94,0.18931572762783808,0.12155160749930782,0.7822582488092924,28131.72050292602,3,0.14192313391514144,2.5756908893677846,240.0,852.562870188527,42.1291977924233,2.07484796022242,86.29250052594324,91.74067680394235,30.412917755949753
zone_112,7,7,Hazratganj (CBD) Sec 3,26.86,80.94999999999999,0.22997419694314336,0.09973783436371295,0.7257211953767738,26016.7547742085,3,0.1390461102881305,3.215816700367568,240.0,841.1763892225263,42.02712650647289,1.0898012450453511,79.98125108697938,83.94084912202175,28.447424539483244
zone_113,8,7,Hazratganj (CBD) Sec 1,26.86,80.96,0.2652957126502574,0.09686986155220549,0.6111909883794997,24296.967286843945,3,0.13529159790465534,3.178637422164545,240.0,852.8640505886922,41.698429892176215,0.16392653477075106,80.33589877742696,83.28407608057302,27.716762241239376
zone_114,9,7,"Zone (9,7)",26.86,80.97,0.31018382817433954,0.12394684231052276,0.6093847883590913,17632.687735149295,3,0.12795237037850934,3.0387337690951743,240.0,836.5012285734241,41.71133284562058,0.8923516772504914,79.25176538537622,81.59982597591078,27.37023466126939
zone_115,10,7,Gomti Nagar (Planned) Sec 3,26.86,80.97999999999999,0.38094272246224226,0.13306165877085666,0.4899457092896823,15120.751743221988,3,0.11986371112157879,3.18452060719902,240.0,875.2816657058327,41.66585136864908,1.88625988067636,78.57302970610161,80.64229833655534,26.823544810861613
zone_116,11,7,Gomti Nagar (Planned) Sec 1,26.86,80.99,0.36736229975253026,0.16780218627804114,0.6114130124848106,9977.02666254391,3,0.11501605668886954,2.9890590272716073,240.0,866.8987409921428,41.918778796035106,2.884382283783935,78.69122640675977,81.07154346662496,27.733135322835427
zone_117,12,7,Gomti Nagar (Planned) Sec 2,26.86,81.0,0.3610450639146698,0.15716325562079775,0.5803518192492441,12511.62642483058,3,0.11485345133147028,2.895185619962093,240.0,859.9005214989777,41.99009044525814,3.8827871369638514,79.90102794638912,82.70261078483242,26.852278672785886
zone_118,13,7,"Zone (13,7)",26.86,81.00999999999999,0.3589826605609896,0.14582036836179613,0.6052035528959195,11710.603185014223,3,0.11546171953995521,2.441655926795584,240.0,864.9793115463648,42.06578801594676,4.877925862336226,85.69126475286733,88.54891525223493,28.50549551860921
zone_119,14,7,"Zone (14,7)",26.86,81.02,0.3334683119030164,0.1643873392657138,0.6009049983504591,15471.707831598264,3,0.11555407505301667,2.529226918527858,240.0,837.9943610859823,42.101970477769385,5.874715779161174,82.61278418443285,86.41379194604202,29.07102168071378
zone_120,0,8,"Zone (0,8)",26.86857142857143,80.88,0.14352138381995347,0.11447091433450561,0.8265115420585077,31488.179390909685,2,0.14330238610710613,2.422806308451036,240.0,847.9339086213364,42.50363327815156,5.428647633325919,89.01094041352383,95.62042327336138,31.279964416960173
zone_121,1,8,"Zone (1,8)",26.86857142857143,80.89,0.14538313700173663,0.11478273839218235,0.8323109511957284,29999.005017318974,2,0.14449503784482332,2.3866277366899658,240.0,850.7047189195437,42.37967736426593,4.937160650617731,89.46179944494047,95.86485488938204,30.60543582444845
zone_122,2,8,"Zone (2,8)",26.86857142857143,80.89999999999999,0.16992418435121195,0.11752804134116972,0.8447243472012118,24643.236761220167,2,0.14437390400182118,2.7019482586755514,240.0,841.436232441595,42.48970417649141,4.452358155467671,85.05471117467009,90.51743393380698,30.793675105704448
zone_123,3,8,"Zone (3,8)",26.86857142857143,80.91,0.13622411687856362,0.10714898243185708,0.9092760540173259,28446.07034467356,2,0.14322775448045527,2.3798848611910572,240.0,848.6925309301253,42.47504034290454,3.9366990016369425,90.02562570467424,96.99770765584088,31.616331107463594
zone_124,4,8,"Zone (4,8)",26.86857142857143,80.92,0.21275229242450197,0.11196063103164301,0.7566250291727874,30102.948782109463,2,0.1423642663195019,2.724630938717159,240.0,858.5788017720012,42.265600975763284,3.389145185741968,85.36573399701534,90.23413914062886,30.80322374041892
zone_125,5,8,"Zone (5,8)",26.86857142857143,80.92999999999999,0.1545773586899014,0.11528197382996025,0.7657375409249086,27704.517917690082,2,0.14130173335002974,2.655763336426508,240.0,849.5211203538067,42.19700210381654,2.7709462387698727,85.91968634308913,91.72947063969141,30.417530076508346
zone_126,6,8,Hazratganj (CBD) Sec 3,26.86857142857143,80.94,0.1946073356365495,0.12239249025377545,0.7861149400424156,24137.25082222687,3,0.13913270276165512,2.7657295116460827,240.0,852.4226700612427,42.05701334369879,2.02021526590873,84.04543812318418,89.35259192239324,29.677464382689863
zone_127,7,8,Hazratganj (CBD) Sec 1,26.86857142857143,80.94999999999999,0.233886969542587,0.10731944738363765,0.6698875190264647,22791.63871125431,3,0.13771607256597382,2.7502446040836532,240.0,866.4699997950853,41.70264263021749,1.093714006216787,84.97245067235409,87.63542363594617,27.979666305979713
zone_128,8,8,Hazratganj (CBD) Sec 2,26.86857142857143,80.96,0.28651072333435007,0.09068768511508679,0.6358336288856518,23526.515060471556,3,0.13566700176694083,3.1491038061938275,240.0,874.5476783824744,41.59671688103952,0.1136049906158565,81.59134519253756,83.68053758363561,26.698443479404055
zone_129,9,8,"Zone (9,8)",26.86857142857143,80.97,0.3585800294036363,0.10981439190278469,0.47038150655716926,20390.67809953628,3,0.13244113843514854,3.6003223157984285,240.0,873.1459418965898,41.559661977682275,0.8863950093841435,76.23087488160527,77.96199809876391,26.622249139734897
zone_130,10,8,"Zone (10,8)",26.86857142857143,80.97999999999999,0.340030386126671,0.14346812049851027,0.5934578026310928,16273.66340458034,3,0.1271032360203466,2.7991918015248345,240.0,851.0811059155642,41.66589445293611,1.8811867312071433,80.96628386403677,83.24455579622735,27.56297841177681
zone_131,11,8,"Zone (11,8)",26.86857142857143,80.99,0.3159047201382046,0.1541796813214967,0.6922532926816496,15995.28503226478,3,0.12158720824935987,2.442552307700702,240.0,839.644573756304,42.17132998396917,2.873602194255076,84.42637705430936,87.36248646221505,28.949673775307307
zone_132,12,8,"Zone (12,8)",26.86857142857143,81.0,0.3520767538970674,0.14929317175790754,0.6202363687236742,11918.274199429949,3,0.1185182655904701,2.58527357443732,240.0,855.9074191175837,41.91484081511473,3.8699244984864185,83.30035828834907,86.17098405073999,28.35065206255418
zone_133,13,8,"Zone (13,8)",26.86857142857143,81.00999999999999,0.3499976626654498,0.16466364924136148,0.6831649101371865,14016.787866819841,3,0.11691964717142247,2.4845940395912565,240.0,851.1637189842866,42.259978124954564,4.8677553016912345,83.75551737267162,87.28015392926076,29.00237911657107
zone_134,14,8,"Zone (14,8)",26.86857142857143,81.02,0.32201218901564826,0.15773006149624466,0.607528499282451,16541.137645798306,3,0.11587838062076203,2.4095491332544987,240.0,846.3396940536131,42.08063293482249,5.866324891301273,84.81992445589563,88.49358535136726,28.927424933993827
zone_135,0,9,"Zone (0,9)",26.877142857142857,80.88,0.17260585609689374,0.10450237957902468,0.8143070228144452,29380.16481257823,2,0.1496893150362236,2.7390652373611,240.0,832.2945068058693,42.37883376465277,4.555867580662259,84.70680260049569,91.06968240981436,30.83328414158308
zone_136,1,9,"Zone (1,9)",26.877142857142857,80.89,0.13995664987907588,0.10525058229856682,0.8322681604010157,31756.438807362618,2,0.15320221924145752,2.5699223203984873,240.0,865.4854309582689,42.28549182145205,4.063270572599304,88.47626136762706,94.26335288085131,31.105624675232914
zone_137,2,9,"Zone (2,9)",26.877142857142857,80.89999999999999,0.19955809554886045,0.09658416076046132,0.8302231850430625,34637.57933551824,2,0.1535459272922072,2.3779565518333827,240.0,849.160010649958,42.46826272902672,3.5828785735005027,90.10895300870513,96.4981006692136,31.21065717597712
zone_138,3,9,"Zone (3,9)",26.877142857142857,80.91,0.15383754284435122,0.0968988560876438,0.7764302318112639,28531.630261611244,2,0.1489188289798465,2.5689033194995727,240.0,838.1373374897179,42.221702210463285,3.0797236530663974,87.27689812558175,91.92180880428012,30.62749193329126
zone_139,4,9,"Zone (4,9)",26.877142857142857,80.92,0.2064571717917947,0.09100790832149716,0.7545306763992121,29724.666729253306,2,0.14274814008899858,2.4613430341779807,240.0,863.5263741068117,42.15947516806688,2.5553129086561777,89.77025879197231,94.55684915813227,30.334047305729687
zone_140,5,9,"Zone (5,9)",26.877142857142857,80.92999999999999,0.22655472096324047,0.11412477235083196,0.727361148210685,24329.096703672476,2,0.13840293249329372,2.7714762804037343,240.0,833.85896450968,42.000994128923665,1.9912975013897771,83.15168470076469,86.90291347788136,29.11611465688154
zone_141,6,9,"Zone (6,9)",26.877142857142857,80.94,0.2694379791847217,0.12463250828019895,0.6677725251267836,22134.823895570877,2,0.13616611718286642,2.869460280535952,240.0,862.7489858942133,41.85067194538396,1.3573672898299676,82.52248721368423,86.7395011117723,28.688344185038225
zone_142,7,9,"Zone (7,9)",26.877142857142857,80.94999999999999,0.2899200223174597,0.10869465659466776,0.5986770650427444,21528.888432901313,3,0.13587233839315666,3.2583355824212124,240.0,863.2252323060651,41.5171759382347,0.6266177239789801,79.1726737440287,80.7468102058307,26.779717526617183
zone_143,8,9,Indiranagar (Residential) Sec 3,26.877142857142857,80.96,0.33990362144120684,0.10304710766969602,0.43655071028925363,19751.31785308683,3,0.1378352495298197,3.817973369698636,240.0,860.7310596318739,41.374749692184594,0.21880068338509628,74.43521930442704,75.23635075593484,25.589144596651668
zone_144,9,9,Indiranagar (Residential) Sec 1,26.877142857142857,80.97,0.336319733623121,0.1281338095718133,0.5786000921065658,17734.464167337876,3,0.1397472886168467,2.9625589519045326,240.0,864.4620194426764,41.66601951174799,1.1215613820636865,80.75546231023314,82.40632747942547,27.69727794019784
zone_145,10,9,Indiranagar (Residential) Sec 2,26.877142857142857,80.97999999999999,0.2974706872562896,0.14245946346749952,0.636660819246593,17987.900815848057,3,0.13462444105193785,2.907497863409672,240.0,851.7366543656985,41.996416366982075,2.071320377685671,80.67991403384276,84.17161514619109,28.45327843240196
zone_146,11,9,"Zone (11,9)",26.877142857142857,80.99,0.3319540815783742,0.13882904221837472,0.5807952467958124,14730.777017661041,3,0.1263091569146191,2.696195160479723,240.0,852.5752961111298,41.96450662142976,3.029669435878961,82.69644926731696,85.40988012034013,28.131003303345015
zone_147,12,9,"Zone (12,9)",26.877142857142857,81.0,0.35886172888958223,0.16031351722253817,0.531936949441628,12723.180481999487,3,0.12017347046932102,2.7435916646785214,240.0,844.4978267961573,42.037343030918194,4.008419348618902,80.60010118784191,83.48026325006666,28.259083487317803
zone_148,13,9,"Zone (13,9)",26.877142857142857,81.00999999999999,0.35459271039846757,0.17946871153068114,0.6309533304588014,13037.523854868514,3,0.11660403781941836,2.510125376652684,240.0,849.2133565949314,42.10952280839876,4.987670416911513,82.40098188513716,85.50111834704626,28.71973823398235
zone_149,14,9,"Zone (14,9)",26.877142857142857,81.02,0.3603470670101944,0.17146736896624734,0.6735108494077746,14801.661377618342,2,0.11478633181160453,2.2963621377877255,240.0,824.8263112770384,42.32821602602134,5.970732468173612,84.27163463930721,87.26710432819348,29.16758112939976
zone_150,0,10,"Zone (0,10)",26.885714285714286,80.88,0.12119153852603232,0.08512907771083024,0.8660671010191084,34142.49851483931,2,0.15622153294945731,2.3269942578591953,240.0,815.9826246337101,42.30119010528807,3.68145630228618,89.97499082468134,97.06049333374379,31.185204129056892
zone_151,1,10,Chowk (Old City) Sec 3,26.885714285714286,80.89,0.13615702140686697,0.09390870691490555,0.8451850857261588,36065.02407142971,1,0.16383740822689163,2.3305233113932307,240.0,854.777571244694,42.275278197029934,3.1925804959283557,91.55098081571835,98.29736462779036,31.277479713395923
zone_152,2,10,Chowk (Old City) Sec 1,26.885714285714286,80.89999999999999,0.1232623770544669,0.07982737152100965,0.8190323373069821,39686.348657779105,1,0.16712079610116537,2.3477649747317515,240.0,827.8269631797253,42.35908947356246,2.707465375872722,90.71972175688852,97.32314183363118,31.397100418443618
zone_153,3,10,Chowk (Old City) Sec 2,26.885714285714286,80.91,0.18366752694450061,0.08806380251135118,0.827600850705325,34861.94565236426,2,0.15860871559266887,2.529351060745791,240.0,865.1586447016207,42.10309880378845,2.2179623260220844,89.30523529231607,95.81199318002595,31.006397619272597
zone_154,4,10,"Zone (4,10)",26.885714285714286,80.92,0.23779407891325166,0.12022888967189467,0.6877091932377911,27224.956695011708,2,0.14469643835883803,2.902904958676344,240.0,842.9636418000161,42.12244632297621,1.707104697250068,82.01256296159553,86.0487860657038,28.983538414694557
zone_155,5,10,"Zone (5,10)",26.885714285714286,80.92999999999999,0.2598624943582987,0.0976716249150946,0.6080174481673953,25967.865701698032,2,0.1351784776931148,2.9178489611875005,240.0,842.7781224538153,41.78592356807291,1.1882307492008666,82.40703288368182,85.9375992828213,28.67598031673965
zone_156,6,10,"Zone (6,10)",26.885714285714286,80.94,0.31688647700715006,0.10465588531323862,0.5088787156464002,23749.247688936557,2,0.13149027240834374,3.2075865595925177,240.0,855.101006347008,41.61754117601778,0.613422188046672,79.3070510434308,81.36477381244369,27.285218644034007
zone_157,7,10,"Zone (7,10)",26.885714285714286,80.94999999999999,0.3815416491865301,0.10460133482834441,0.5104209364929975,19520.13528029407,3,0.1330329969328125,3.4427561633238484,240.0,872.8261630584334,41.38914992905404,0.08215145067372287,77.30151537432933,78.55764844186652,26.536621307278825
zone_158,8,10,Indiranagar (Residential) Sec 1,26.885714285714286,80.96,0.3198188118808845,0.11859790016861234,0.5289502795321173,14396.360031824424,3,0.1397251473757872,3.4996789741545804,240.0,845.69410404337,41.52894275534046,0.7881804335130712,75.81905550264042,76.86174994168896,26.512125250939096
zone_159,9,10,Indiranagar (Residential) Sec 2,26.885714285714286,80.97,0.32553412820922717,0.14685610602126117,0.5715965286420633,16000.089003900175,3,0.14537395026170577,3.0264455237258776,240.0,852.3628414779138,41.92240374874073,1.585741839564805,79.08457397242285,81.32661170318288,27.753348853096913
zone_160,10,10,Indiranagar (Residential) Sec 3,26.885714285714286,80.97999999999999,0.3272468438683834,0.15819729590779694,0.6236697554569992,13855.217507174726,3,0.13814856894250988,2.861839136105808,240.0,846.0449618219737,41.895145968918676,2.448774730588046,79.74595004041335,82.52959159861504,28.443669182213235
zone_161,11,10,"Zone (11,10)",26.885714285714286,80.99,0.3537331383993336,0.15996811186209964,0.675168329640234,14707.313287812047,3,0.1258696649646589,3.043061963241154,240.0,855.9476899521451,41.92512769434153,3.3557173100493185,78.23865478701727,81.81978408983393,28.324409470816924
zone_162,12,10,"Zone (12,10)",26.885714285714286,81.0,0.41751469514159706,0.17283255883645646,0.5498907952560418,10964.51283897181,2,0.11701801387897504,2.6970689286830507,240.0,847.2996004666411,41.957516501364054,4.281791284264942,79.99420524838857,82.44169003846962,28.310466255135562
zone_163,13,10,"Zone (13,10)",26.885714285714286,81.00999999999999,0.4154260817929545,0.15930630246889677,0.5838643969316845,13850.357229853358,2,0.1126886745682613,2.5532371224774955,240.0,852.9697948682768,42.10347341310205,5.233022633873949,82.63883986283153,85.08257000778687,28.528619228041944
zone_164,14,10,"Zone (14,10)",26.885714285714286,81.02,0.400913894015875,0.17699276654454044,0.5509570307703502,11415.697012830346,2,0.11138717459823134,2.758642065753725,240.0,852.029559125187,42.26648808550541,6.186522017282431,79.83297751153003,82.09611622816516,27.9595290566591
zone_165,0,11,"Zone (0,11)",26.894285714285715,80.88,0.1695744092941695,0.0825446260744815,0.7113236953840658,31882.328169930664,1,0.1594383986335736,2.852275971844103,240.0,843.1831759441767,42.34983746786752,2.8139546582455526,85.13907700151377,89.8884522591138,30.079481932065576
zone_166,1,11,Chowk (Old City) Sec 1,26.894285714285715,80.89,0.16523438449375358,0.10454620548457053,0.8581819887257107,39765.58243538621,1,0.16937256263690237,2.707345657344212,240.0,848.1652619880806,42.29275438824222,2.3308906585937734,85.83138459399113,92.57171304418559,30.93021008807
zone_167,2,11,Chowk (Old City) Sec 2,26.894285714285715,80.89999999999999,0.13058014924347108,0.07389264240353753,0.7791484543077847,41144.63333792047,1,0.17501407749641174,2.8554083096643414,240.0,846.601536873376,42.19797235607138,1.8299877262098205,85.87662895656355,91.49454420236322,30.679068930643325
zone_168,3,11,Chowk (Old City) Sec 3,26.894285714285715,80.91,0.1570505318685447,0.0636102097260214,0.752668584665609,35780.90922347474,1,0.16417987046548646,3.0478881454989093,240.0,853.190699120261,41.836924120327744,1.3625750638110599,84.16249258376753,90.16501957699376,30.299069968235493
zone_169,4,11,"Zone (4,11)",26.894285714285715,80.92,0.2565990909825975,0.09563664810246032,0.5981276263702192,27341.724018130957,2,0.14313745489977622,3.2635198217049517,240.0,872.5282474990564,41.801967034187506,0.8469539452546182,80.70304809440681,83.33945221993064,27.56290526769353
zone_170,5,11,"Zone (5,11)",26.894285714285715,80.92999999999999,0.309611193724947,0.09109205594121238,0.5763734473332413,21533.692913881838,2,0.12750286982517528,3.1615806237556163,240.0,838.6925376446694,41.56598378740778,0.4172611826393999,79.59795070878035,81.23197505075599,26.86216049168084
zone_171,6,11,"Zone (6,11)",26.894285714285715,80.94,0.28272890791905403,0.11431838090394113,0.6512095829561585,21158.05955154338,2,0.12154608824901052,3.1324892178895736,240.0,845.3246577463112,41.59792053586648,0.2275197814271459,79.36672934793042,81.14101205815057,27.698659049564473
zone_172,7,11,"Zone (7,11)",26.894285714285715,80.94999999999999,0.34590963211083414,0.13847876699328177,0.5422070595949727,17197.011768875014,2,0.12478912646048024,3.036375479826787,240.0,847.8740858374226,41.552655807737175,0.8241056464671198,78.64695425527535,80.34378498994138,27.404175643421762
zone_173,8,11,Indiranagar (Residential) Sec 2,26.894285714285715,80.96,0.30597303507568785,0.15101555131714534,0.5999813242859288,16612.93372019052,3,0.13295640157766772,2.8596762134432163,240.0,829.3584191286897,41.864645080263585,1.473448934369713,79.50538057747306,82.05230921834013,27.763852038540467
zone_174,9,11,Indiranagar (Residential) Sec 3,26.894285714285715,80.97,0.31783930362064666,0.14966916202194708,0.5574968423701075,15084.80572094657,3,0.13751726776197779,3.026274010402269,240.0,842.9272447040229,41.86682123214728,2.202227740162472,78.55376541905551,80.04335014175639,27.736602968855863
zone_175,10,11,Indiranagar (Residential) Sec 1,26.894285714285715,80.97999999999999,0.3455954549309571,0.13801759906436664,0.6555031211372733,13475.114507949127,3,0.13046303840145887,2.5869172953610655,240.0,853.1635546422694,42.15884882372063,2.9828020786200637,84.03516183204553,86.45881859486235,28.511672583237047
zone_176,11,11,"Zone (11,11)",26.894285714285715,80.99,0.43207177047510803,0.17535338494283795,0.5423943762429005,11291.392371098947,2,0.11668166097130228,2.642201181473739,240.0,856.9960862757761,41.86983793432982,3.816458251364511,80.65589931264104,81.42695281692832,27.828916754931956
zone_177,12,11,"Zone (12,11)",26.894285714285715,81.0,0.5047006195993342,0.15643633487137645,0.4318798583641192,10443.096813605232,2,0.10670696017060834,3.1477471129457366,240.0,861.2052233087328,41.822627302057235,4.684562052453071,76.31342449160934,77.78262256093011,26.945265420556776
zone_178,13,11,"Zone (13,11)",26.894285714285715,81.00999999999999,0.480054247314282,0.17539546008297094,0.48461222239345614,7714.928583988678,2,0.10416308181376346,2.761095068478445,240.0,874.9238467993836,42.02838238402385,5.59140209573526,79.9687836086843,81.51867671329222,26.99992240983335
zone_179,14,11,"Zone (14,11)",26.894285714285715,81.02,0.43415680704354626,0.1902497242882875,0.5516183259781795,9726.678409239183,2,0.10557394389996676,3.1204142986025665,240.0,858.716322740617,42.027502197642896,6.5066639173416085,75.69617794256762,77.81604394420377,27.708630590512644
zone_180,0,12,"Zone (0,12)",26.902857142857144,80.88,0.1772413875778933,0.07953589050537795,0.7909417417011249,32271.727927573138,1,0.15717592197290256,2.9609320656153186,240.0,855.999044022297,42.03860575058753,1.956366130154661,84.44138988855559,90.48609681487126,30.08012950355919
zone_181,1,12,Chowk (Old City) Sec 2,26.902857142857144,80.89,0.18506287634983412,0.08770881369892616,0.6976131727819385,35120.32627579892,1,0.16451076153747402,3.01833902068723,240.0,845.9572670765293,41.8515993094483,1.4653794650551886,82.74829083572043,86.99867809853208,29.721692703802958
zone_182,2,12,Chowk (Old City) Sec 3,26.902857142857144,80.89999999999999,0.2176787338119563,0.06461353369512965,0.6809779000504572,39227.39717476515,1,0.16715452287908,2.971023313413947,240.0,854.5606903602772,41.66526935708854,0.9565172863828397,84.25954161586657,89.10362090949262,29.451796344487587
zone_183,3,12,Chowk (Old City) Sec 1,26.902857142857144,80.91,0.24170447544244603,0.09302603521032526,0.7407285521802892,33793.95849018428,1,0.15600900203402696,3.0653842320214504,240.0,849.3517867198407,41.70742687035923,0.534024562254532,81.59357338902524,86.12007385046364,28.99733513363116
zone_184,4,12,"Zone (4,12)",26.902857142857144,80.92,0.30638156233997743,0.10860451210101238,0.5058066478074468,26459.624594490215,2,0.13379493886088056,3.6179976131773866,240.0,856.5638222265616,41.107848688847334,0.0411690036021497,75.48770603979366,76.8144571502988,27.00448886063835
zone_185,5,12,Jankipuram (Suburban) Sec 3,26.902857142857144,80.92999999999999,0.3315682339275865,0.11141524524281149,0.5290685566795417,18952.32666288735,2,0.11362262087835807,3.32503838531575,240.0,854.3316625144032,41.462614693267355,0.5751642072114671,77.69540242175098,78.96953763514054,26.417449135974703
zone_186,6,12,Jankipuram (Suburban) Sec 1,26.902857142857144,80.94,0.3710738087951629,0.1317802594497957,0.5790893557364459,16901.838888703573,2,0.1049753586160162,3.226623496571567,240.0,850.2038652204159,41.709823295643204,1.0508587029875383,77.346137854843,79.21143418437073,26.73019250901139
zone_187,7,12,Jankipuram (Suburban) Sec 2,26.902857142857144,80.94999999999999,0.3339733885621756,0.12841665007780997,0.6352637694584399,14316.668502582474,2,0.11080072985737596,2.9361186200159914,240.0,854.8812728592901,41.81898593255121,1.6261767061662218,80.73410153810299,83.32397856637408,27.603914647729894
zone_188,8,12,"Zone (8,12)",26.902857142857144,80.96,0.3451831568571562,0.1316425053032604,0.5981580295472839,18369.989792944558,2,0.12057300540026386,2.709154624362427,240.0,846.903596994671,41.94003910427641,2.2203113419145932,82.51296558552298,85.27567644574268,28.352908161512325
zone_189,9,12,"Zone (9,12)",26.902857142857144,80.97,0.3602371729596443,0.15968277814301574,0.6368846552218446,15199.927608248303,2,0.12363723310841894,2.7025867539414734,240.0,858.7028121822661,42.20216356377301,2.887101429382537,81.85505692986693,84.67041469478859,27.982720179768247
zone_190,10,12,"Zone (10,12)",26.902857142857144,80.97999999999999,0.44310162881756354,0.16573757154136168,0.434573862316168,13263.054228071767,2,0.11611534407780122,2.821872590449907,240.0,859.973417235047,41.865792123699194,3.608557089646613,79.3596013126396,81.09093948008413,27.300752089664577
zone_191,11,12,Kukrail Forest Reserve Sec 3,26.902857142857144,80.99,0.5373333289053167,0.19203660767074812,0.42624667002229694,8645.38112603316,2,0.10093386294769979,2.95377890001181,240.0,851.890759498573,41.98122416780943,4.37768284874778,75.83352366565705,76.90590037799741,26.70558166142255
zone_192,12,12,Kukrail Forest Reserve Sec 1,26.902857142857144,81.0,0.6312797588094351,0.21835059267620743,0.34097550321882386,4154.21229319322,2,0.09148956794151467,2.9154936884550477,240.0,861.965280030029,41.88886560111351,5.191135197900558,74.3979269586076,74.32626557225193,25.252166286639437
zone_193,13,12,Kukrail Forest Reserve Sec 2,26.902857142857144,81.00999999999999,0.57445961034534,0.20763661909557102,0.4806089356554758,5377.822569736775,2,0.09346126275323556,2.7076266744004927,240.0,859.5537284622909,42.121686612234264,6.0466760072951535,77.4813973831725,78.52722847846638,26.848402568758914
zone_194,14,12,"Zone (14,12)",26.902857142857144,81.02,0.5497235965131072,0.1956500513124203,0.4484435492005779,9253.534935538364,2,0.09912943713198481,2.342477682013546,240.0,867.0472370304835,41.922505389659875,6.92053072859301,82.43024138433222,83.32555620415582,27.542016267414397
zone_195,0,13,"Zone (0,13)",26.911428571428573,80.88,0.24236770570982413,0.09120040095935242,0.699598840525877,33425.429487048226,2,0.15132413328991756,3.1264781234615135,240.0,865.6172963105753,41.900939700925356,1.1118552301487143,82.05502961396334,86.44149719745847,28.51379264910599
zone_196,1,13,"Zone (1,13)",26.911428571428573,80.89,0.2199283839660933,0.07543003207362353,0.7489643558475698,31913.888842838307,2,0.15430567780678267,3.0086804765283928,240.0,852.5604221031116,41.77407763759434,0.6010428594587746,83.3634126077325,88.4456919554039,28.962447967128522
zone_197,2,13,"Zone (2,13)",26.911428571428573,80.89999999999999,0.25160847351410426,0.07200176311588145,0.5551782667976677,30702.475604862047,2,0.15268635879060788,3.3215107375728166,240.0,851.2791340157302,41.34810590622635,0.16512944402048857,79.88896560212572,81.65150894551917,27.5490746568976
zone_198,3,13,"Zone (3,13)",26.911428571428573,80.91,0.23524476209181328,0.10097995444381168,0.6419105291196647,25566.13524263457,2,0.1420627801100043,3.107437773326641,240.0,844.234372662829,41.62945115848738,0.4330616699798131,80.57996939361092,83.90637404149919,27.427965257645152
zone_199,4,13,"Zone (4,13)",26.911428571428573,80.92,0.2990262242842013,0.11474119997401115,0.6232090328684928,21470.854806508145,2,0.12328220309440417,2.9471749949215296,240.0,849.3882631971202,41.61028374226678,0.9007909169508983,81.11651664815194,84.11964261291693,27.97480163187119
zone_200,5,13,Jankipuram (Suburban) Sec 1,26.911428571428573,80.92999999999999,0.36383037152833597,0.13696871089872098,0.5220289119982109,12585.612853600454,2,0.1038755825194029,2.8024803780411305,240.0,841.1893684420238,41.695523648581485,1.3964111828211951,80.6226225181724,82.15563387780355,26.5913522154018
zone_201,6,13,Jankipuram (Suburban) Sec 2,26.911428571428573,80.94,0.34863091148127834,0.14365782915625833,0.5870506788183271,14605.991616575506,2,0.09490896684945456,3.051376498062326,240.0,851.4844636529353,41.740994231081444,1.8985689716952605,78.59421604696468,79.75653000900334,27.23180188812785
zone_202,7,13,Jankipuram (Suburban) Sec 3,26.911428571428573,80.94999999999999,0.31660689052111035,0.14011244240811724,0.6217303565857568,13459.390540176104,2,0.10172427988940091,2.7708001324697573,240.0,846.1438385019921,41.962075365982564,2.444862465303345,81.68269814930285,84.34909465878582,27.72520617867123
zone_203,8,13,"Zone (8,13)",26.911428571428573,80.96,0.35967879784977597,0.1515718049056713,0.5960625686300113,15418.59291710953,2,0.11174217421886204,2.807459641159948,240.0,863.3046133194119,42.003920200540165,3.0092310847497936,81.2111733274454,83.57256430440869,28.18849094404838
zone_204,9,13,"Zone (9,13)",26.911428571428573,80.97,0.35523158965842283,0.16231341400645877,0.6083307673080083,12966.851708403716,2,0.11397263306165634,2.686633945407408,240.0,834.4149557834712,41.987879398487294,3.630484099060368,80.59201273354829,83.2723891917905,28.27041906751971
zone_205,10,13,"Zone (10,13)",26.911428571428573,80.97999999999999,0.45766559172012783,0.1900325070076943,0.480839553064192,11331.093938042522,2,0.1060972212680022,2.8687274483800587,240.0,852.3807865667376,42.11134995940678,4.301122826064159,77.52297591112718,78.80795905886696,27.45980512292949
zone_206,11,13,Kukrail Forest Reserve Sec 1,26.911428571428573,80.99,0.6418660318331432,0.19243448392280288,0.39367590059602714,4413.1886845992,2,0.09150097786591922,2.909889326782577,240.0,865.281478761487,41.85147791551003,5.01774892039622,75.70813105624724,76.93525179884396,26.114383981623686
zone_207,12,13,Kukrail Forest Reserve Sec 2,26.911428571428573,81.0,0.6604264721888736,0.22411025731792947,0.25820632626798357,3633.1124078172284,2,0.08363703630853779,3.1591081358864805,240.0,857.7292573420567,41.68947271194364,5.778640475751086,71.51387732695001,71.43229829589247,24.83180456025277
zone_208,13,13,Kukrail Forest Reserve Sec 3,26.911428571428573,81.00999999999999,0.6421553336907725,0.21395332386274868,0.399477996876893,5734.974198587779,2,0.08786128484283721,2.725747542322435,240.0,860.3307493999714,41.75354167421888,6.58258427225629,76.06614968132571,76.85107306557423,26.575300085785365
zone_209,14,13,"Zone (14,13)",26.911428571428573,81.02,0.5976745831172882,0.18358300661561824,0.37090393055159215,6471.202962059382,2,0.09544983817562731,2.8678006567518453,240.0,855.5841918565136,41.94630193596163,7.416108214255234,76.6159346275615,77.54775595179005,26.146982855592857
zone_210,0,14,"Zone (0,14)",26.92,80.88,0.26757611224910094,0.09192756967279755,0.5914705001129533,28366.692912350463,2,0.14495120729132172,3.1829543400827345,240.0,850.2751876962087,41.52522924977879,0.4860268025624208,80.21067081414851,83.59307378690812,28.074498223471434
zone_211,1,14,"Zone (1,14)",26.92,80.89,0.25941153974609205,0.09614988021493645,0.5937398613097504,30346.721841900784,2,0.1449707522755844,3.3024353873836847,240.0,852.8024246623287,41.54528182293184,0.29141283111823496,79.18855518370472,81.19829511207864,27.40427464133921
zone_212,2,14,"Zone (2,14)",26.92,80.89999999999999,0.231684507552691,0.10072132380712215,0.7292676733342114,30672.788100648406,2,0.1414132746938232,3.0567861062418036,240.0,852.9206671227394,41.617157199425776,0.813207892419749,81.47932951903884,85.40468138440312,28.75168197393644
zone_213,3,14,"Zone (3,14)",26.92,80.91,0.25254461522618343,0.11081414468047372,0.6386616637447463,21218.100301122784,2,0.13258557693746983,3.076405997269835,240.0,841.1714565378331,41.81079816065849,1.2795625874947414,80.30705980996004,84.06490894531099,27.835006399021495
zone_214,4,14,"Zone (4,14)",26.92,80.92,0.23519684607213603,0.12590209838228328,0.7352479352963299,22568.157335887576,2,0.11930953005189782,2.5845890948014585,240.0,852.6160830793267,41.94326725517637,1.7801929347095955,85.39005581190575,89.31774025985385,30.350690106844343
zone_215,5,14,Jankipuram (Suburban) Sec 2,26.92,80.92999999999999,0.27566284043849404,0.14570029189099235,0.6821759304933976,16993.414751002798,2,0.10608569009736282,2.7752948625412324,240.0,853.0647644533315,41.954811828176695,2.254780010125576,82.02626478031843,85.34102494336948,28.53590941444597
zone_216,6,14,Jankipuram (Suburban) Sec 3,26.92,80.94,0.32375483524836673,0.14756017631499452,0.6415746552418767,13346.199172442968,2,0.09991919124742256,2.9157013918294243,240.0,851.2567779334726,41.82722887138507,2.7588346862770234,79.9425868046378,83.21096320885982,27.759521271266873
zone_217,7,14,Jankipuram (Suburban) Sec 1,26.92,80.94999999999999,0.29912756709241545,0.14772507962613293,0.7154341244900971,10535.96579900668,2,0.10341085195887784,3.0849271653897983,240.0,859.0814666130962,42.16529373603132,3.2785342528388184,79.28361863000922,82.42590242305168,28.316420043115272
zone_218,8,14,"Zone (8,14)",26.92,80.96,0.3428231487150103,0.1635226474893456,0.6468979098626476,14192.414306173321,2,0.10918781433979607,2.6192235515742963,240.0,850.0237591295084,42.08343669013335,3.8232480186149775,82.16068260956243,85.74346739172111,28.804248381792064
zone_219,9,14,"Zone (9,14)",26.92,80.97,0.32723794967992303,0.17210533471289438,0.6548692157364236,12756.28823889031,2,0.1098833120187359,2.5452408830646958,240.0,862.4268817074575,42.243623532443166,4.412084854484466,83.39908686751839,86.15063605867266,28.881903011441917
zone_220,10,14,"Zone (10,14)",26.92,80.97999999999999,0.45995403001776325,0.166047515229718,0.4950225332866188,10997.106982468922,2,0.1036119863016839,2.8949688406561696,240.0,863.3498627363617,42.060111297497976,5.042920496302293,78.83716575969673,81.037990928834,26.991024774518174
zone_221,11,14,Kukrail Forest Reserve Sec 2,26.92,80.99,0.5991404273892689,0.2045875300423412,0.4157818348197643,7567.780804533683,2,0.09351169074086384,2.9219000073274097,240.0,865.2200813433462,42.024623140369975,5.71523931836958,75.5479934646252,76.85999101174893,25.972251862446058
zone_222,12,14,Kukrail Forest Reserve Sec 3,26.92,81.0,0.6436805032715301,0.19822385569364123,0.31785105922257256,3499.124538049126,2,0.08790790062518306,2.7862707935576414,240.0,862.9349380978164,41.63093283633479,6.429146458670546,76.24663311515793,76.96703041075214,25.658882808018394
zone_223,13,14,Kukrail Forest Reserve Sec 1,26.92,81.00999999999999,0.6026672688605207,0.20952404377146933,0.4263639509292543,2230.062682022063,2,0.09032065629068695,2.6532454486558366,240.0,853.5485626612399,41.87246464052268,7.184793968636609,77.18273129889769,78.5289728445572,26.293848188048738
zone_224,14,14,"Zone (14,14)",26.92,81.02,0.5502370996205009,0.17499983524885618,0.469020285144386,5000.089786802036,2,0.09607015166261744,2.7165369695434753,240.0,862.1368768332289,42.16604040739189,7.981665606417503,79.41488709186697,80.2988593828954,25.76331950595053
